,Country,year,Region,happiness_rank,happiness_score,gpd_per_capita,Family,life_expectancy,Freedom,government_corruption,Generosity
0,Switzerland,2015.0,Western Europe,1.0,7.5870000000000015,1.39651,1.34951,0.94143,0.66557,0.41978,0.29678000000000004
1,Iceland,2015.0,Western Europe,2.0,7.561,1.30232,1.40223,0.94784,0.6287699999999999,0.14145,0.4363
2,Denmark,2015.0,Western Europe,3.0,7.527,1.32548,1.36058,0.87464,0.6493800000000001,0.48357,0.34139
3,Norway,2015.0,Western Europe,4.0,7.522,1.459,1.33095,0.88521,0.66973,0.36503,0.34699
4,Canada,2015.0,North America,5.0,7.427,1.32629,1.32261,0.90563,0.63297,0.32957,0.45811
5,Finland,2015.0,Western Europe,6.0,7.4060000000000015,1.29025,1.31826,0.8891100000000001,0.64169,0.41372,0.23351
6,Netherlands,2015.0,Western Europe,7.0,7.377999999999999,1.32944,1.28017,0.89284,0.6157600000000001,0.31814000000000003,0.4761
7,Sweden,2015.0,Western Europe,8.0,7.364,1.33171,1.2890700000000002,0.91087,0.6598,0.43844,0.36262
8,New Zealand,2015.0,Australia and New Zealand,9.0,7.286,1.2501799999999998,1.31967,0.90837,0.6393800000000001,0.42922,0.47501
9,Australia,2015.0,Australia and New Zealand,10.0,7.284,1.33358,1.30923,0.93156,0.6512399999999999,0.35637,0.43562
10,Israel,2015.0,Middle East and Northern Africa,11.0,7.278,1.2285700000000002,1.22393,0.91387,0.41319,0.07785,0.33172
11,Costa Rica,2015.0,Latin America and Caribbean,12.0,7.226,0.95578,1.23788,0.8602700000000001,0.63376,0.10583,0.25497
12,Austria,2015.0,Western Europe,13.0,7.2,1.33723,1.29704,0.8904200000000001,0.62433,0.18676,0.33088
13,Mexico,2015.0,Latin America and Caribbean,14.0,7.187,1.02054,0.91451,0.8144399999999999,0.48181,0.21312,0.14074
14,United States,2015.0,North America,15.0,7.119,1.39451,1.24711,0.86179,0.54604,0.1589,0.40105
15,Brazil,2015.0,Latin America and Caribbean,16.0,6.983,0.98124,1.23287,0.69702,0.49049,0.17521,0.14574
16,Luxembourg,2015.0,Western Europe,17.0,6.9460000000000015,1.56391,1.21963,0.91894,0.61583,0.37798,0.28034000000000003
17,Ireland,2015.0,Western Europe,18.0,6.94,1.33596,1.36948,0.89533,0.6177699999999999,0.28703,0.45901
18,Belgium,2015.0,Western Europe,19.0,6.937,1.30782,1.28566,0.8966700000000001,0.5845,0.2254,0.2225
19,United Arab Emirates,2015.0,Middle East and Northern Africa,20.0,6.901,1.42727,1.12575,0.80925,0.64157,0.38583,0.26428
20,United Kingdom,2015.0,Western Europe,21.0,6.867000000000001,1.26637,1.28548,0.90943,0.59625,0.32067,0.51912
21,Oman,2015.0,Middle East and Northern Africa,22.0,6.853,1.36011,1.08182,0.76276,0.63274,0.32524000000000003,0.21542
22,Venezuela,2015.0,Latin America and Caribbean,23.0,6.81,1.04424,1.25596,0.7205199999999999,0.42908,0.11069,0.05841
23,Singapore,2015.0,Southeastern Asia,24.0,6.797999999999999,1.52186,1.02,1.02525,0.54252,0.4921,0.31105
24,Panama,2015.0,Latin America and Caribbean,25.0,6.7860000000000005,1.06353,1.1985,0.79661,0.5421,0.0927,0.24434
25,Germany,2015.0,Western Europe,26.0,6.75,1.32792,1.29937,0.89186,0.6147699999999999,0.21843,0.28214
26,Chile,2015.0,Latin America and Caribbean,27.0,6.67,1.10715,1.12447,0.85857,0.44132,0.12869,0.33363000000000004
27,Qatar,2015.0,Middle East and Northern Africa,28.0,6.6110000000000015,1.69042,1.0786,0.79733,0.6404,0.52208,0.32573
28,France,2015.0,Western Europe,29.0,6.575,1.27778,1.2603799999999998,0.94579,0.55011,0.20646,0.12332
29,Argentina,2015.0,Latin America and Caribbean,30.0,6.574,1.05351,1.24823,0.78723,0.44974,0.08484,0.11451
30,Czech Republic,2015.0,Central and Eastern Europe,31.0,6.505,1.17898,1.20643,0.84483,0.46364,0.02652,0.10686
31,Uruguay,2015.0,Latin America and Caribbean,32.0,6.485,1.06166,1.2089,0.8116,0.6036199999999999,0.24558,0.2324
32,Colombia,2015.0,Latin America and Caribbean,33.0,6.477,0.91861,1.2401799999999998,0.69077,0.53466,0.0512,0.18401
33,Thailand,2015.0,Southeastern Asia,34.0,6.455,0.9669,1.26504,0.7385,0.5566399999999999,0.03187,0.5763
34,Saudi Arabia,2015.0,Middle East and Northern Africa,35.0,6.4110000000000005,1.39541,1.0839299999999998,0.72025,0.31048000000000003,0.32524000000000003,0.13706
35,Spain,2015.0,Western Europe,36.0,6.329,1.23011,1.31379,0.95562,0.45951,0.06398,0.18227
36,Malta,2015.0,Western Europe,37.0,6.3020000000000005,1.2074,1.30203,0.88721,0.60365,0.13585999999999998,0.51752
37,Taiwan,2015.0,Eastern Asia,38.0,6.297999999999999,1.29098,1.07617,0.8753,0.3974,0.08129,0.25376
38,Kuwait,2015.0,Middle East and Northern Africa,39.0,6.295,1.5542200000000002,1.16594,0.72492,0.55499,0.25609,0.16228
39,Suriname,2015.0,Latin America and Caribbean,40.0,6.269,0.99534,0.972,0.6082,0.5965699999999999,0.13633,0.16990999999999998
40,Trinidad and Tobago,2015.0,Latin America and Caribbean,41.0,6.167999999999998,1.21183,1.18354,0.61483,0.55884,0.0114,0.31844
41,El Salvador,2015.0,Latin America and Caribbean,42.0,6.13,0.76454,1.02507,0.67737,0.4035,0.11776,0.10692
42,Guatemala,2015.0,Latin America and Caribbean,43.0,6.122999999999998,0.74553,1.04356,0.64425,0.57733,0.09472,0.27489
43,Uzbekistan,2015.0,Central and Eastern Europe,44.0,6.002999999999999,0.63244,1.34043,0.59772,0.6582100000000001,0.30826,0.22837
44,Slovakia,2015.0,Central and Eastern Europe,45.0,5.995,1.16891,1.26999,0.7890199999999999,0.31751,0.03431,0.16893
45,Japan,2015.0,Eastern Asia,46.0,5.987,1.27074,1.25712,0.99111,0.49615,0.1806,0.10705
46,South Korea,2015.0,Eastern Asia,47.0,5.984,1.24461,0.95774,0.96538,0.33208000000000004,0.07857,0.18557
47,Ecuador,2015.0,Latin America and Caribbean,48.0,5.975,0.8640200000000001,0.99903,0.79075,0.48574,0.1809,0.11540999999999997
48,Bahrain,2015.0,Middle East and Northern Africa,49.0,5.96,1.32376,1.21624,0.74716,0.45492,0.306,0.17362
49,Italy,2015.0,Western Europe,50.0,5.948,1.25114,1.19777,0.95446,0.26236,0.02901,0.22823
50,Bolivia,2015.0,Latin America and Caribbean,51.0,5.89,0.68133,0.97841,0.5392,0.57414,0.08800000000000001,0.20536
51,Moldova,2015.0,Central and Eastern Europe,52.0,5.8889999999999985,0.59448,1.01528,0.61826,0.32818,0.01615,0.20951
52,Paraguay,2015.0,Latin America and Caribbean,53.0,5.877999999999999,0.75985,1.30477,0.66098,0.53899,0.08242000000000001,0.3424
53,Kazakhstan,2015.0,Central and Eastern Europe,54.0,5.855,1.12254,1.12241,0.64368,0.51649,0.08454,0.11827
54,Slovenia,2015.0,Central and Eastern Europe,55.0,5.848,1.18498,1.27385,0.8733700000000001,0.60855,0.03787,0.25328
55,Lithuania,2015.0,Central and Eastern Europe,56.0,5.832999999999998,1.14723,1.25745,0.73128,0.21342,0.01031,0.026410000000000003
56,Nicaragua,2015.0,Latin America and Caribbean,57.0,5.8279999999999985,0.59325,1.14184,0.7431399999999999,0.55475,0.19317,0.27815
57,Peru,2015.0,Latin America and Caribbean,58.0,5.824,0.9001899999999999,0.97459,0.73017,0.4149600000000001,0.05989,0.14982
58,Belarus,2015.0,Central and Eastern Europe,59.0,5.813,1.0319200000000002,1.23289,0.7360800000000001,0.37938,0.1909,0.11046
59,Poland,2015.0,Central and Eastern Europe,60.0,5.791,1.12555,1.27948,0.77903,0.53122,0.04212,0.16759000000000002
60,Malaysia,2015.0,Southeastern Asia,61.0,5.77,1.12486,1.07023,0.7239399999999999,0.5302399999999999,0.10501,0.33075
61,Croatia,2015.0,Central and Eastern Europe,62.0,5.759,1.08254,0.79624,0.78805,0.25883,0.0243,0.05444
62,Libya,2015.0,Middle East and Northern Africa,63.0,5.754,1.13145,1.1186200000000002,0.7038,0.41668,0.11023,0.18295
63,Russia,2015.0,Central and Eastern Europe,64.0,5.716,1.13764,1.23617,0.6692600000000001,0.36679,0.03005,0.00199
64,Jamaica,2015.0,Latin America and Caribbean,65.0,5.709,0.81038,1.1510200000000002,0.6874100000000001,0.50442,0.02299,0.2123
65,North Cyprus,2015.0,Western Europe,66.0,5.695,1.20806,1.07008,0.92356,0.49027,0.1428,0.26169000000000003
66,Cyprus,2015.0,Western Europe,67.0,5.689,1.20813,0.89318,0.92356,0.40672,0.06146,0.30638000000000004
67,Algeria,2015.0,Middle East and Northern Africa,68.0,5.605,0.93929,1.07772,0.61766,0.28579,0.17382999999999998,0.07822
68,Kosovo,2015.0,Central and Eastern Europe,69.0,5.589,0.80148,0.81198,0.63132,0.24749,0.04741,0.2831
69,Turkmenistan,2015.0,Central and Eastern Europe,70.0,5.547999999999999,0.95847,1.22668,0.53886,0.4761,0.30844,0.16979
70,Mauritius,2015.0,Sub-Saharan Africa,71.0,5.477,1.00761,0.98521,0.7095,0.56066,0.07521,0.37744
71,Hong Kong,2015.0,Eastern Asia,72.0,5.474,1.38604,1.05818,1.01328,0.59608,0.37124,0.39478
72,Estonia,2015.0,Central and Eastern Europe,73.0,5.4289999999999985,1.15174,1.22791,0.77361,0.44888,0.15184,0.0868
73,Indonesia,2015.0,Southeastern Asia,74.0,5.399,0.8282700000000001,1.0870799999999998,0.63793,0.46611,0.0,0.51535
74,Vietnam,2015.0,Southeastern Asia,75.0,5.36,0.63216,0.91226,0.7467600000000001,0.59444,0.10441,0.1686
75,Turkey,2015.0,Middle East and Northern Africa,76.0,5.332000000000002,1.06098,0.94632,0.73172,0.22815,0.15746,0.12253
76,Kyrgyzstan,2015.0,Central and Eastern Europe,77.0,5.2860000000000005,0.47428,1.15115,0.65088,0.43477,0.04232,0.3003
77,Nigeria,2015.0,Sub-Saharan Africa,78.0,5.268,0.65435,0.90432,0.16007000000000002,0.34334000000000003,0.0403,0.27233
78,Bhutan,2015.0,Southern Asia,79.0,5.252999999999999,0.77042,1.10395,0.57407,0.5320600000000001,0.15445,0.47998
79,Azerbaijan,2015.0,Central and Eastern Europe,80.0,5.2120000000000015,1.02389,0.93793,0.64045,0.3703,0.16065,0.07799
80,Pakistan,2015.0,Southern Asia,81.0,5.194,0.59543,0.41411,0.51466,0.12102,0.10464,0.33671
81,Jordan,2015.0,Middle East and Northern Africa,82.0,5.192,0.90198,1.05392,0.69639,0.40661,0.14293,0.11053
82,Montenegro,2015.0,Central and Eastern Europe,82.0,5.192,0.97438,0.90557,0.72521,0.1826,0.14296,0.1614
83,China,2015.0,Eastern Asia,84.0,5.14,0.89012,0.94675,0.81658,0.5169699999999999,0.02781,0.08185
84,Zambia,2015.0,Sub-Saharan Africa,85.0,5.129,0.47038,0.91612,0.29924,0.48827,0.12468,0.19591
85,Romania,2015.0,Central and Eastern Europe,86.0,5.124,1.04345,0.8858799999999999,0.7689,0.35068,0.006490000000000001,0.13748
86,Serbia,2015.0,Central and Eastern Europe,87.0,5.122999999999998,0.92053,1.00964,0.74836,0.20107,0.02617,0.19231
87,Portugal,2015.0,Western Europe,88.0,5.102,1.15991,1.13935,0.8751899999999999,0.51469,0.01078,0.13719
88,Latvia,2015.0,Central and Eastern Europe,89.0,5.098,1.11312,1.09562,0.72437,0.29671,0.06332,0.18226
89,Philippines,2015.0,Southeastern Asia,90.0,5.073,0.70532,1.03516,0.58114,0.62545,0.12279,0.24991
90,Somaliland region,2015.0,Sub-Saharan Africa,91.0,5.057,0.18847,0.95152,0.43873,0.46582,0.39928,0.5031800000000001
91,Morocco,2015.0,Middle East and Northern Africa,92.0,5.013,0.7347899999999999,0.64095,0.60954,0.4169100000000001,0.08546000000000001,0.07172
92,Macedonia,2015.0,Central and Eastern Europe,93.0,5.007,0.91851,1.00232,0.73545,0.33457,0.053270000000000005,0.22359
93,Mozambique,2015.0,Sub-Saharan Africa,94.0,4.971,0.08308,1.02626,0.09131,0.34037,0.15603,0.22269
94,Albania,2015.0,Central and Eastern Europe,95.0,4.959,0.8786700000000001,0.8043399999999999,0.81325,0.35733000000000004,0.06412999999999999,0.14272
95,Bosnia and Herzegovina,2015.0,Central and Eastern Europe,96.0,4.949,0.8322299999999999,0.91916,0.79081,0.09245,0.00227,0.24808
96,Lesotho,2015.0,Sub-Saharan Africa,97.0,4.898,0.37545,1.04103,0.07612000000000001,0.31767,0.12504,0.16388
97,Dominican Republic,2015.0,Latin America and Caribbean,98.0,4.885,0.8953700000000001,1.17202,0.66825,0.57672,0.14234000000000002,0.21684
98,Laos,2015.0,Southeastern Asia,99.0,4.876,0.5906600000000001,0.73803,0.54909,0.59591,0.24249,0.42192
99,Mongolia,2015.0,Eastern Asia,100.0,4.874,0.82819,1.3006,0.60268,0.43626,0.026660000000000003,0.3323
100,Swaziland,2015.0,Sub-Saharan Africa,101.0,4.867,0.71206,1.07284,0.07566,0.30658,0.0306,0.18259
101,Greece,2015.0,Western Europe,102.0,4.857,1.15406,0.92933,0.88213,0.07699,0.013969999999999998,0.0
102,Lebanon,2015.0,Middle East and Northern Africa,103.0,4.839,1.02564,0.80001,0.83947,0.33916,0.04582,0.21854
103,Hungary,2015.0,Central and Eastern Europe,104.0,4.8,1.12094,1.20215,0.75905,0.32112,0.02758,0.128
104,Honduras,2015.0,Latin America and Caribbean,105.0,4.788,0.59532,0.95348,0.6951,0.40148,0.06825,0.23027
105,Tajikistan,2015.0,Central and Eastern Europe,106.0,4.7860000000000005,0.39047,0.8556299999999999,0.5737899999999999,0.47216,0.15072,0.22974
106,Tunisia,2015.0,Middle East and Northern Africa,107.0,4.739,0.88113,0.60429,0.73793,0.26268,0.06358,0.06431
107,Palestinian Territories,2015.0,Middle East and Northern Africa,108.0,4.715,0.59867,0.92558,0.66015,0.24499,0.12905,0.11251
108,Bangladesh,2015.0,Southern Asia,109.0,4.694,0.39753,0.4310600000000001,0.60164,0.4082,0.12569,0.21222
109,Iran,2015.0,Middle East and Northern Africa,110.0,4.686,1.0088,0.54447,0.69805,0.30033000000000004,0.05863,0.38086
110,Ukraine,2015.0,Central and Eastern Europe,111.0,4.681,0.79907,1.20278,0.6739,0.25123,0.02961,0.15275
111,Iraq,2015.0,Middle East and Northern Africa,112.0,4.677,0.98549,0.81889,0.60237,0.0,0.13788,0.17922000000000002
112,South Africa,2015.0,Sub-Saharan Africa,113.0,4.642,0.92049,1.18468,0.27688,0.33207,0.08884,0.11973
113,Ghana,2015.0,Sub-Saharan Africa,114.0,4.633,0.5455800000000001,0.6795399999999999,0.40132,0.42342,0.04355,0.23087
114,Zimbabwe,2015.0,Sub-Saharan Africa,115.0,4.61,0.271,1.03276,0.33475,0.25861,0.08079,0.18987
115,Liberia,2015.0,Sub-Saharan Africa,116.0,4.5710000000000015,0.0712,0.78968,0.34201,0.28531,0.062320000000000014,0.24362
116,India,2015.0,Southern Asia,117.0,4.565,0.64499,0.38174,0.5152899999999999,0.39786,0.08492000000000001,0.26475
117,Sudan,2015.0,Sub-Saharan Africa,118.0,4.55,0.52107,1.01404,0.36878,0.10081,0.1466,0.19062
118,Haiti,2015.0,Latin America and Caribbean,119.0,4.518,0.26673,0.74302,0.38847,0.24425,0.17175,0.46187
119,Congo (Kinshasa),2015.0,Sub-Saharan Africa,120.0,4.517,0.0,1.0012,0.09806,0.22605,0.07625,0.24834
120,Nepal,2015.0,Southern Asia,121.0,4.5139999999999985,0.35997,0.86449,0.5687399999999999,0.38282,0.05907,0.32296
121,Ethiopia,2015.0,Sub-Saharan Africa,122.0,4.512,0.19073,0.60406,0.44055,0.4345,0.15048,0.24325
122,Sierra Leone,2015.0,Sub-Saharan Africa,123.0,4.507,0.33024000000000003,0.95571,0.0,0.4084,0.08786000000000001,0.21488
123,Mauritania,2015.0,Sub-Saharan Africa,124.0,4.436,0.45407,0.86908,0.35874,0.24232,0.17461,0.219
124,Kenya,2015.0,Sub-Saharan Africa,125.0,4.419,0.36471,0.99876,0.41435,0.42215,0.05839,0.37542
125,Djibouti,2015.0,Sub-Saharan Africa,126.0,4.369,0.44025,0.59207,0.36291,0.46074,0.28105,0.18093
126,Armenia,2015.0,Central and Eastern Europe,127.0,4.35,0.7682100000000001,0.7771100000000001,0.7299,0.19847,0.039,0.07855
127,Botswana,2015.0,Sub-Saharan Africa,128.0,4.332,0.99355,1.10464,0.04776,0.49495,0.12474,0.10461
128,Myanmar,2015.0,Southeastern Asia,129.0,4.307,0.27108000000000004,0.70905,0.4824600000000001,0.44017,0.19034,0.79588
129,Georgia,2015.0,Central and Eastern Europe,130.0,4.297,0.7419,0.38562,0.72926,0.40577,0.38331,0.055470000000000005
130,Malawi,2015.0,Sub-Saharan Africa,131.0,4.292,0.016040000000000002,0.41134,0.22562,0.43054,0.06977,0.33128
131,Sri Lanka,2015.0,Southern Asia,132.0,4.271,0.83524,1.01905,0.70806,0.5372600000000001,0.09179,0.40828
132,Cameroon,2015.0,Sub-Saharan Africa,133.0,4.252,0.4225,0.8876700000000001,0.23402,0.49309,0.05786,0.20618000000000006
133,Bulgaria,2015.0,Central and Eastern Europe,134.0,4.218,1.01216,1.10614,0.76649,0.30587,0.00872,0.11921
134,Egypt,2015.0,Middle East and Northern Africa,135.0,4.194,0.8818,0.747,0.61712,0.17288,0.06324,0.11291
135,Yemen,2015.0,Middle East and Northern Africa,136.0,4.077,0.5464899999999999,0.68093,0.40064,0.35571,0.07854,0.09131
136,Angola,2015.0,Sub-Saharan Africa,137.0,4.033,0.75778,0.8604,0.16683,0.10384000000000003,0.07122,0.12344
137,Mali,2015.0,Sub-Saharan Africa,138.0,3.995,0.26074,1.03526,0.20583,0.38857,0.12352,0.18798
138,Congo (Brazzaville),2015.0,Sub-Saharan Africa,139.0,3.989,0.67866,0.6629,0.31051,0.41466,0.11686,0.12388
139,Comoros,2015.0,Sub-Saharan Africa,140.0,3.956,0.23906,0.79273,0.36315,0.22917,0.199,0.17440999999999998
140,Uganda,2015.0,Sub-Saharan Africa,141.0,3.931,0.21102,1.13299,0.33861,0.45727,0.07267,0.29066
141,Senegal,2015.0,Sub-Saharan Africa,142.0,3.904,0.36498,0.97619,0.4354,0.36772,0.10713,0.20843000000000006
142,Gabon,2015.0,Sub-Saharan Africa,143.0,3.896,1.06024,0.90528,0.43372,0.31914000000000003,0.11091,0.06822
143,Niger,2015.0,Sub-Saharan Africa,144.0,3.845,0.0694,0.77265,0.29707,0.47692,0.15639,0.19387
144,Cambodia,2015.0,Southeastern Asia,145.0,3.819,0.46038,0.62736,0.61114,0.66246,0.07247,0.40359
145,Tanzania,2015.0,Sub-Saharan Africa,146.0,3.781,0.2852,1.00268,0.38215,0.32878,0.057470000000000014,0.34377
146,Madagascar,2015.0,Sub-Saharan Africa,147.0,3.681,0.20824,0.66801,0.46721,0.19184,0.08123999999999999,0.21333
147,Central African Republic,2015.0,Sub-Saharan Africa,148.0,3.678,0.0785,0.0,0.06699,0.48879,0.08288999999999999,0.23835
148,Chad,2015.0,Sub-Saharan Africa,149.0,3.667,0.34193,0.76062,0.1501,0.23501,0.05269,0.18386
149,Guinea,2015.0,Sub-Saharan Africa,150.0,3.656,0.17417,0.46475,0.24009,0.37725,0.12139,0.28657
150,Ivory Coast,2015.0,Sub-Saharan Africa,151.0,3.655,0.46534,0.77115,0.15185,0.46866,0.17922000000000002,0.20165
151,Burkina Faso,2015.0,Sub-Saharan Africa,152.0,3.587,0.25812,0.85188,0.27125,0.39493,0.12832000000000002,0.21747
152,Afghanistan,2015.0,Southern Asia,153.0,3.575,0.31982,0.30285,0.30335,0.23414,0.09719,0.3651
153,Rwanda,2015.0,Sub-Saharan Africa,154.0,3.465,0.22208000000000006,0.7737,0.42864,0.59201,0.55191,0.22628
154,Benin,2015.0,Sub-Saharan Africa,155.0,3.34,0.28665,0.35386,0.3191,0.4845,0.0801,0.1826
155,Syria,2015.0,Middle East and Northern Africa,156.0,3.006,0.6632,0.47489,0.7219300000000001,0.15684,0.18906,0.47179
156,Burundi,2015.0,Sub-Saharan Africa,157.0,2.905,0.0153,0.41587,0.22396,0.1185,0.10062,0.19727
157,Togo,2015.0,Sub-Saharan Africa,158.0,2.839,0.20868,0.13995,0.28443,0.36453,0.10731,0.16681
158,Denmark,2016.0,Western Europe,1.0,7.526,1.4417799999999998,1.16374,0.79504,0.5794100000000001,0.44453,0.36171
159,Switzerland,2016.0,Western Europe,2.0,7.508999999999999,1.52733,1.14524,0.86303,0.58557,0.41203,0.28083
160,Iceland,2016.0,Western Europe,3.0,7.501,1.42666,1.18326,0.8673299999999999,0.56624,0.14975,0.47678
161,Norway,2016.0,Western Europe,4.0,7.497999999999998,1.57744,1.1269,0.79579,0.59609,0.35776,0.37895
162,Finland,2016.0,Western Europe,5.0,7.4129999999999985,1.40598,1.13464,0.81091,0.57104,0.41004,0.25492
163,Canada,2016.0,North America,6.0,7.404,1.44015,1.0961,0.8276,0.5737,0.31329,0.44834
164,Netherlands,2016.0,Western Europe,7.0,7.338999999999999,1.46468,1.02912,0.8123100000000001,0.55211,0.29927,0.47416
165,New Zealand,2016.0,Australia and New Zealand,8.0,7.334,1.36066,1.17278,0.83096,0.5814699999999999,0.41904,0.4940100000000001
166,Australia,2016.0,Australia and New Zealand,9.0,7.313,1.44443,1.10476,0.8512,0.5683699999999999,0.32331,0.47407
167,Sweden,2016.0,Western Europe,10.0,7.291,1.45181,1.08764,0.83121,0.58218,0.40867,0.38254
168,Israel,2016.0,Middle East and Northern Africa,11.0,7.267,1.33766,0.99537,0.8491700000000001,0.36432,0.08728,0.32288
169,Austria,2016.0,Western Europe,12.0,7.119,1.45038,1.0838299999999998,0.80565,0.54355,0.21348000000000006,0.32865
170,United States,2016.0,North America,13.0,7.104,1.50796,1.04782,0.779,0.48163,0.14868,0.41077
171,Costa Rica,2016.0,Latin America and Caribbean,14.0,7.0870000000000015,1.06879,1.02152,0.76146,0.55225,0.10547,0.22553
172,Puerto Rico,2016.0,Latin America and Caribbean,15.0,7.039,1.35943,1.08113,0.77758,0.46823,0.12275,0.22202
173,Germany,2016.0,Western Europe,16.0,6.994,1.44787,1.09774,0.81487,0.53466,0.28551,0.30452
174,Brazil,2016.0,Latin America and Caribbean,17.0,6.952000000000001,1.08754,1.03938,0.61415,0.40425,0.14165999999999998,0.15775999999999998
175,Belgium,2016.0,Western Europe,18.0,6.9289999999999985,1.42539,1.05249,0.8195899999999999,0.51354,0.26248,0.2424
176,Ireland,2016.0,Western Europe,19.0,6.907,1.48341,1.16157,0.81455,0.54008,0.29754,0.44963
177,Luxembourg,2016.0,Western Europe,20.0,6.871,1.69752,1.03999,0.8454200000000001,0.5487,0.35329,0.27571
178,Mexico,2016.0,Latin America and Caribbean,21.0,6.778,1.1150799999999998,0.7146,0.71143,0.37709,0.18355,0.11735
179,Singapore,2016.0,Southeastern Asia,22.0,6.739,1.64555,0.8675799999999999,0.94719,0.4877,0.46987,0.32706
180,United Kingdom,2016.0,Western Europe,23.0,6.725,1.40283,1.08672,0.80991,0.50036,0.27399,0.50156
181,Chile,2016.0,Latin America and Caribbean,24.0,6.705,1.2167,0.90587,0.8188300000000001,0.37789,0.11451,0.31595
182,Panama,2016.0,Latin America and Caribbean,25.0,6.7010000000000005,1.18306,0.98912,0.70835,0.48927,0.08423,0.2418
183,Argentina,2016.0,Latin America and Caribbean,26.0,6.65,1.15137,1.0661200000000002,0.69711,0.42284,0.07296,0.10989000000000003
184,Czech Republic,2016.0,Central and Eastern Europe,27.0,6.596,1.30915,1.00793,0.76376,0.41418,0.03986,0.09929
185,United Arab Emirates,2016.0,Middle East and Northern Africa,28.0,6.573,1.57352,0.8711399999999999,0.72993,0.56215,0.35561,0.26591
186,Uruguay,2016.0,Latin America and Caribbean,29.0,6.545,1.18157,1.0314299999999998,0.72183,0.54388,0.21394,0.18056
187,Malta,2016.0,Western Europe,30.0,6.488,1.30782,1.09879,0.80315,0.54994,0.17554,0.56237
188,Colombia,2016.0,Latin America and Caribbean,31.0,6.481,1.03032,1.02169,0.59659,0.44735,0.05399,0.15625999999999998
189,France,2016.0,Western Europe,32.0,6.478,1.39488,1.00508,0.83795,0.46562,0.17808,0.1216
190,Thailand,2016.0,Southeastern Asia,33.0,6.474,1.0893,1.04477,0.64915,0.49553,0.02833,0.58696
191,Saudi Arabia,2016.0,Middle East and Northern Africa,34.0,6.379,1.48953,0.84829,0.59267,0.37904,0.30008,0.15457
192,Taiwan,2016.0,Eastern Asia,34.0,6.379,1.39729,0.92624,0.79565,0.32377,0.0663,0.25495
193,Qatar,2016.0,Middle East and Northern Africa,36.0,6.375,1.82427,0.87964,0.71723,0.56679,0.48049,0.32388
194,Spain,2016.0,Western Europe,37.0,6.3610000000000015,1.34253,1.12945,0.8789600000000001,0.37545,0.061370000000000015,0.17665
195,Algeria,2016.0,Middle East and Northern Africa,38.0,6.355,1.05266,0.83309,0.6180399999999999,0.21006,0.16157,0.07044
196,Guatemala,2016.0,Latin America and Caribbean,39.0,6.324,0.83454,0.8711899999999999,0.5403899999999999,0.50379,0.08701,0.28808
197,Suriname,2016.0,Latin America and Caribbean,40.0,6.269,1.09686,0.77866,0.5093300000000001,0.5223399999999999,0.12692,0.16665
198,Kuwait,2016.0,Middle East and Northern Africa,41.0,6.239,1.61714,0.8775799999999999,0.63569,0.43166,0.23669,0.15965
199,Bahrain,2016.0,Middle East and Northern Africa,42.0,6.218,1.44024,0.94397,0.65696,0.47375,0.25772,0.17147
200,Trinidad and Tobago,2016.0,Latin America and Caribbean,43.0,6.167999999999998,1.32572,0.98569,0.52608,0.48453,0.01241,0.31935
201,Venezuela,2016.0,Latin America and Caribbean,44.0,6.084,1.1336700000000002,1.03302,0.6190399999999999,0.19847,0.08304,0.0425
202,Slovakia,2016.0,Central and Eastern Europe,45.0,6.0779999999999985,1.27973,1.08268,0.70367,0.23391,0.02947,0.13837
203,El Salvador,2016.0,Latin America and Caribbean,46.0,6.068,0.8737,0.80975,0.596,0.37269,0.10613,0.08877
204,Malaysia,2016.0,Southeastern Asia,47.0,6.005,1.25142,0.88025,0.62366,0.39031,0.09081,0.41474
205,Nicaragua,2016.0,Latin America and Caribbean,48.0,5.992000000000001,0.69384,0.8952100000000001,0.65213,0.46582,0.16292,0.29773
206,Uzbekistan,2016.0,Central and Eastern Europe,49.0,5.987,0.7359100000000001,1.1681,0.50163,0.60848,0.28333,0.34326
207,Italy,2016.0,Western Europe,50.0,5.977,1.35495,1.04167,0.8510200000000001,0.18827,0.02556,0.16684000000000002
208,Ecuador,2016.0,Latin America and Caribbean,51.0,5.976,0.97306,0.85974,0.68613,0.4027,0.18037,0.10074
209,Belize,2016.0,Latin America and Caribbean,52.0,5.956,0.87616,0.68655,0.45569,0.51231,0.10771,0.23684
210,Japan,2016.0,Eastern Asia,53.0,5.921,1.38007,1.06054,0.91491,0.46761,0.18985,0.10224
211,Kazakhstan,2016.0,Central and Eastern Europe,54.0,5.919,1.22943,0.95544,0.57386,0.4052,0.11132,0.15011
212,Moldova,2016.0,Central and Eastern Europe,55.0,5.897,0.69177,0.8313200000000001,0.5230899999999999,0.25202,0.01903,0.19997
213,Russia,2016.0,Central and Eastern Europe,56.0,5.856,1.2322799999999998,1.05261,0.58991,0.32682,0.03586,0.02736
214,Poland,2016.0,Central and Eastern Europe,57.0,5.835,1.24585,1.04685,0.69058,0.4519,0.055,0.14443
215,South Korea,2016.0,Eastern Asia,57.0,5.835,1.35948,0.7219399999999999,0.88645,0.25168,0.07716,0.18824
216,Bolivia,2016.0,Latin America and Caribbean,59.0,5.822,0.79422,0.8377899999999999,0.4697,0.50961,0.07746,0.21698
217,Lithuania,2016.0,Central and Eastern Europe,60.0,5.813,1.2692,1.06411,0.64674,0.18929,0.0182,0.02025
218,Belarus,2016.0,Central and Eastern Europe,61.0,5.8020000000000005,1.1306200000000002,1.04993,0.6310399999999999,0.29091,0.17457,0.13942000000000002
219,North Cyprus,2016.0,Western Europe,62.0,5.771,1.31141,0.81826,0.8414200000000001,0.43596,0.16577999999999998,0.26322
220,Slovenia,2016.0,Central and Eastern Europe,63.0,5.768,1.29947,1.05613,0.79151,0.53164,0.03635,0.25738
221,Peru,2016.0,Latin America and Caribbean,64.0,5.7429999999999986,0.99602,0.81255,0.6299399999999999,0.37502,0.05292,0.14527
222,Turkmenistan,2016.0,Central and Eastern Europe,65.0,5.658,1.08017,1.03817,0.4400600000000001,0.37408,0.28467,0.22567
223,Mauritius,2016.0,Sub-Saharan Africa,66.0,5.648,1.14372,0.75695,0.66189,0.46145,0.052029999999999986,0.36951
224,Libya,2016.0,Middle East and Northern Africa,67.0,5.615,1.0668799999999998,0.95076,0.52304,0.40672,0.10339,0.17087
225,Latvia,2016.0,Central and Eastern Europe,68.0,5.56,1.21788,0.95025,0.63952,0.27996,0.0889,0.17445
226,Cyprus,2016.0,Western Europe,69.0,5.546,1.31857,0.70697,0.8488,0.29507,0.052279999999999986,0.27906
227,Paraguay,2016.0,Latin America and Caribbean,70.0,5.5379999999999985,0.8937299999999999,1.11111,0.58295,0.46235,0.07396,0.25296
228,Romania,2016.0,Central and Eastern Europe,71.0,5.528,1.1697,0.7280300000000001,0.67602,0.36712,0.006790000000000001,0.12889
229,Estonia,2016.0,Central and Eastern Europe,72.0,5.517,1.27964,1.0516299999999998,0.68098,0.41511,0.18519,0.08423
230,Jamaica,2016.0,Latin America and Caribbean,73.0,5.51,0.89333,0.96372,0.5946899999999999,0.43597,0.04294,0.22245
231,Croatia,2016.0,Central and Eastern Europe,74.0,5.488,1.18649,0.6080899999999999,0.70524,0.23907,0.04002,0.18434
232,Hong Kong,2016.0,Eastern Asia,75.0,5.457999999999998,1.5107,0.87021,0.95277,0.48079,0.31647,0.40097
233,Somalia,2016.0,Sub-Saharan Africa,76.0,5.44,0.0,0.33613000000000004,0.11465999999999997,0.5677800000000001,0.3118,0.27225
234,Kosovo,2016.0,Central and Eastern Europe,77.0,5.401,0.90145,0.66062,0.54,0.14396,0.06547,0.27992
235,Turkey,2016.0,Middle East and Northern Africa,78.0,5.3889999999999985,1.1649200000000002,0.8771700000000001,0.64718,0.23889,0.12348,0.04707
236,Indonesia,2016.0,Southeastern Asia,79.0,5.314,0.95104,0.87625,0.49374,0.39237,0.00322,0.56521
237,Jordan,2016.0,Middle East and Northern Africa,80.0,5.303,0.99673,0.86216,0.60712,0.36023,0.13297,0.14262
238,Azerbaijan,2016.0,Central and Eastern Europe,81.0,5.291,1.12373,0.76042,0.54504,0.35327,0.17914000000000002,0.0564
239,Philippines,2016.0,Southeastern Asia,82.0,5.279,0.81217,0.87877,0.4703600000000001,0.5485399999999999,0.11757,0.21674
240,China,2016.0,Eastern Asia,83.0,5.245,1.0278,0.79381,0.73561,0.44012,0.02745,0.04959
241,Bhutan,2016.0,Southern Asia,84.0,5.1960000000000015,0.8527,0.90836,0.49759,0.46074,0.1616,0.4854600000000001
242,Kyrgyzstan,2016.0,Central and Eastern Europe,85.0,5.185,0.5604399999999999,0.95434,0.5544899999999999,0.40212,0.04762,0.38432
243,Serbia,2016.0,Central and Eastern Europe,86.0,5.1770000000000005,1.03437,0.81329,0.6458,0.15718,0.04339,0.20737
244,Bosnia and Herzegovina,2016.0,Central and Eastern Europe,87.0,5.1629999999999985,0.93383,0.64367,0.7076600000000001,0.09511,0.0,0.29889
245,Montenegro,2016.0,Central and Eastern Europe,88.0,5.1610000000000005,1.07838,0.74173,0.6353300000000001,0.15111,0.12721,0.17190999999999998
246,Dominican Republic,2016.0,Latin America and Caribbean,89.0,5.155,1.02787,0.99496,0.5766899999999999,0.52259,0.12372,0.21286
247,Morocco,2016.0,Middle East and Northern Africa,90.0,5.151,0.8405799999999999,0.38595,0.5947100000000001,0.25646,0.08404,0.04053
248,Hungary,2016.0,Central and Eastern Europe,91.0,5.145,1.24142,0.93164,0.67608,0.1977,0.04472,0.099
249,Pakistan,2016.0,Southern Asia,92.0,5.1320000000000014,0.68816,0.26135,0.40306,0.14622000000000002,0.1388,0.31185
250,Lebanon,2016.0,Middle East and Northern Africa,93.0,5.129,1.12268,0.64184,0.76171,0.26228,0.03061,0.23693000000000006
251,Portugal,2016.0,Western Europe,94.0,5.122999999999998,1.27607,0.94367,0.7936300000000001,0.44727,0.01521,0.11691
252,Macedonia,2016.0,Central and Eastern Europe,95.0,5.121,1.0193,0.78236,0.6473800000000001,0.27668000000000004,0.07047,0.23507
253,Vietnam,2016.0,Southeastern Asia,96.0,5.061,0.74037,0.7911699999999999,0.66157,0.5595399999999999,0.11556,0.25075
254,Somaliland Region,2016.0,Sub-Saharan Africa,97.0,5.057,0.25558000000000003,0.75862,0.33108000000000004,0.3913,0.36794,0.51479
255,Tunisia,2016.0,Middle East and Northern Africa,98.0,5.045,0.97724,0.43165,0.59577,0.23553,0.0817,0.03936
256,Greece,2016.0,Western Europe,99.0,5.033,1.24886,0.75473,0.80029,0.058220000000000015,0.04127,0.0
257,Tajikistan,2016.0,Central and Eastern Europe,100.0,4.996,0.48835,0.75602,0.5311899999999999,0.43408,0.13509000000000002,0.25998000000000004
258,Mongolia,2016.0,Eastern Asia,101.0,4.907,0.98853,1.08983,0.55469,0.35972,0.03285,0.34539000000000003
259,Laos,2016.0,Southeastern Asia,102.0,4.876,0.68042,0.5497,0.38291,0.52168,0.22423,0.43079
260,Nigeria,2016.0,Sub-Saharan Africa,103.0,4.875,0.75216,0.64498,0.05108,0.27854,0.0305,0.23219
261,Honduras,2016.0,Latin America and Caribbean,104.0,4.871,0.69429,0.7559600000000001,0.5838300000000001,0.26755,0.06906,0.2044
262,Iran,2016.0,Middle East and Northern Africa,105.0,4.813,1.11758,0.38857,0.64232,0.22544,0.0557,0.38538
263,Zambia,2016.0,Sub-Saharan Africa,106.0,4.795,0.61202,0.6376,0.23573,0.42662,0.11479,0.17866
264,Nepal,2016.0,Southern Asia,107.0,4.793,0.4462600000000001,0.69699,0.50073,0.37012,0.07007999999999999,0.3816
265,Palestinian Territories,2016.0,Middle East and Northern Africa,108.0,4.754,0.67024,0.71629,0.56844,0.17744,0.10613,0.11154
266,Albania,2016.0,Central and Eastern Europe,109.0,4.655,0.9553,0.50163,0.73007,0.31866,0.05301,0.1684
267,Bangladesh,2016.0,Southern Asia,110.0,4.643,0.54177,0.24749,0.52989,0.39778,0.12583,0.19132
268,Sierra Leone,2016.0,Sub-Saharan Africa,111.0,4.635,0.36485,0.628,0.0,0.30685,0.08196,0.23897
269,Iraq,2016.0,Middle East and Northern Africa,112.0,4.575,1.07474,0.59205,0.51076,0.24856,0.13635999999999998,0.19589
270,Namibia,2016.0,Sub-Saharan Africa,113.0,4.574,0.93287,0.70362,0.34745,0.48614,0.10398,0.07795
271,Cameroon,2016.0,Sub-Saharan Africa,114.0,4.513,0.5249699999999999,0.62542,0.12697999999999998,0.42736,0.06126,0.2268
272,Ethiopia,2016.0,Sub-Saharan Africa,115.0,4.508,0.29283000000000003,0.37932,0.34578000000000003,0.36703,0.1717,0.29522
273,South Africa,2016.0,Sub-Saharan Africa,116.0,4.459,1.02416,0.96053,0.18611,0.42483,0.08415,0.13656
274,Sri Lanka,2016.0,Southern Asia,117.0,4.415,0.97318,0.84783,0.62007,0.50817,0.07964,0.46978
275,India,2016.0,Southern Asia,118.0,4.404,0.74036,0.29247,0.45091,0.40285,0.08722,0.25028
276,Myanmar,2016.0,Southeastern Asia,119.0,4.395,0.34112,0.69981,0.3988,0.42692,0.20243,0.81971
277,Egypt,2016.0,Middle East and Northern Africa,120.0,4.362,0.95395,0.49813,0.5211600000000001,0.18847,0.10393,0.12705999999999998
278,Armenia,2016.0,Central and Eastern Europe,121.0,4.36,0.8608600000000001,0.6247699999999999,0.64083,0.14037,0.036160000000000005,0.07793
279,Kenya,2016.0,Sub-Saharan Africa,122.0,4.356,0.52267,0.7624,0.30147,0.40576,0.06686,0.41328
280,Ukraine,2016.0,Central and Eastern Europe,123.0,4.324,0.87287,1.01413,0.58628,0.12859,0.01829,0.20363
281,Ghana,2016.0,Sub-Saharan Africa,124.0,4.276,0.63107,0.49353,0.29681,0.40973,0.0326,0.21203
282,Congo (Kinshasa),2016.0,Sub-Saharan Africa,125.0,4.272,0.05661,0.80676,0.188,0.15602,0.06075,0.25458000000000003
283,Georgia,2016.0,Central and Eastern Europe,126.0,4.252,0.8379200000000001,0.19249,0.64035,0.32461,0.3188,0.06786
284,Congo (Brazzaville),2016.0,Sub-Saharan Africa,127.0,4.2360000000000015,0.7710899999999999,0.47799,0.28212,0.37938,0.09753,0.12077
285,Senegal,2016.0,Sub-Saharan Africa,128.0,4.2189999999999985,0.44314,0.7741600000000001,0.40457,0.31056,0.11681,0.19103
286,Bulgaria,2016.0,Central and Eastern Europe,129.0,4.217,1.11306,0.92542,0.67806,0.21219,0.00615,0.12793
287,Mauritania,2016.0,Sub-Saharan Africa,130.0,4.2010000000000005,0.6139100000000001,0.8414200000000001,0.28639000000000003,0.1268,0.17955,0.22686
288,Zimbabwe,2016.0,Sub-Saharan Africa,131.0,4.1930000000000005,0.35041,0.71478,0.1595,0.25429,0.08582000000000001,0.18503
289,Malawi,2016.0,Sub-Saharan Africa,132.0,4.1560000000000015,0.08709,0.147,0.29364,0.4143,0.07564,0.30968
290,Sudan,2016.0,Sub-Saharan Africa,133.0,4.1389999999999985,0.63069,0.8192799999999999,0.29759,0.0,0.10039,0.18077
291,Gabon,2016.0,Sub-Saharan Africa,134.0,4.121,1.15851,0.72368,0.3494,0.28098,0.09314,0.06244
292,Mali,2016.0,Sub-Saharan Africa,135.0,4.073,0.31292,0.8633299999999999,0.16347,0.27544,0.13647,0.21064
293,Haiti,2016.0,Latin America and Caribbean,136.0,4.0280000000000005,0.34097,0.29561,0.27494,0.12072,0.14476,0.47958
294,Botswana,2016.0,Sub-Saharan Africa,137.0,3.974,1.09426,0.89186,0.34752,0.44089,0.10769,0.12425
295,Comoros,2016.0,Sub-Saharan Africa,138.0,3.956,0.27509,0.60323,0.29981,0.15412,0.18437,0.1827
296,Ivory Coast,2016.0,Sub-Saharan Africa,139.0,3.916,0.55507,0.57576,0.04476,0.40663,0.1553,0.20338
297,Cambodia,2016.0,Southeastern Asia,140.0,3.907,0.55604,0.5375,0.42494,0.5885199999999999,0.08092,0.40339
298,Angola,2016.0,Sub-Saharan Africa,141.0,3.866,0.84731,0.66366,0.04991,0.00589,0.08434,0.12070999999999997
299,Niger,2016.0,Sub-Saharan Africa,142.0,3.856,0.1327,0.6053,0.26162,0.38041,0.17176,0.2097
300,South Sudan,2016.0,Sub-Saharan Africa,143.0,3.832,0.39394,0.18519,0.15780999999999998,0.19662,0.13015,0.25899
301,Chad,2016.0,Sub-Saharan Africa,144.0,3.763,0.42214,0.63178,0.03824,0.12807000000000002,0.04952,0.18667
302,Burkina Faso,2016.0,Sub-Saharan Africa,145.0,3.739,0.31995,0.63054,0.21297,0.3337,0.12533,0.24353
303,Uganda,2016.0,Sub-Saharan Africa,145.0,3.739,0.34719,0.90981,0.19625,0.43653,0.06442,0.27102
304,Yemen,2016.0,Middle East and Northern Africa,147.0,3.724,0.57939,0.47493,0.31048000000000003,0.2287,0.058920000000000014,0.09821
305,Madagascar,2016.0,Sub-Saharan Africa,148.0,3.695,0.27954,0.46115,0.37109,0.13684000000000002,0.07506,0.2204
306,Tanzania,2016.0,Sub-Saharan Africa,149.0,3.666,0.47155,0.77623,0.35700000000000004,0.3176,0.05099,0.31472
307,Liberia,2016.0,Sub-Saharan Africa,150.0,3.622,0.10706,0.50353,0.23165,0.25748000000000004,0.04852,0.24063
308,Guinea,2016.0,Sub-Saharan Africa,151.0,3.607,0.22415,0.3109,0.18829,0.30953,0.1192,0.29914
309,Rwanda,2016.0,Sub-Saharan Africa,152.0,3.515,0.32846,0.6158600000000001,0.31865,0.5432,0.50521,0.23552
310,Benin,2016.0,Sub-Saharan Africa,153.0,3.484,0.39499,0.10419,0.21028,0.39747,0.06681000000000001,0.2018
311,Afghanistan,2016.0,Southern Asia,154.0,3.36,0.38227,0.11037,0.17344,0.1643,0.07112,0.31268
312,Togo,2016.0,Sub-Saharan Africa,155.0,3.303,0.28123000000000004,0.0,0.24811,0.34678000000000003,0.11587,0.17517
313,Syria,2016.0,Middle East and Northern Africa,156.0,3.069,0.7471899999999999,0.14866,0.6299399999999999,0.06912,0.17232999999999998,0.48397
314,Burundi,2016.0,Sub-Saharan Africa,157.0,2.905,0.06831,0.23442,0.15747,0.0432,0.09419,0.2029
0,Norway,2017.0,Europe,1.0,7.537000179290769,1.61646318435669,1.53352355957031,0.796666502952576,0.635422587394714,0.31596383452415505,0.36201223731041
2,Denmark,2017.0,Europe,2.0,7.52199983596802,1.48238301277161,1.55112159252167,0.7925655245780941,0.626006722450256,0.40077006816864,0.3552804887294771
4,Iceland,2017.0,Europe,3.0,7.50400018692017,1.480633020401,1.6105740070343,0.8335521221160892,0.6271626353263849,0.15352655947208402,0.475540220737457
6,Switzerland,2017.0,Europe,4.0,7.49399995803833,1.5649795532226598,1.51691174507141,0.858131289482117,0.620070576667786,0.3670072853565221,0.29054927825927696
8,Finland,2017.0,Europe,5.0,7.468999862670901,1.44357192516327,1.5402467250824,0.80915766954422,0.6179508566856379,0.38261154294014,0.24548277258873
10,Netherlands,2017.0,Europe,6.0,7.3769998550415,1.50394463539124,1.42893922328949,0.8106961250305179,0.5853844881057739,0.282661825418472,0.470489829778671
12,Canada,2017.0,Americas,7.0,7.31599998474121,1.47920441627502,1.48134899139404,0.83455765247345,0.611100912094116,0.287371516227722,0.435539722442627
14,New Zealand,2017.0,Oceania,8.0,7.31400012969971,1.40570604801178,1.54819512367249,0.816759705543518,0.6140621304512021,0.38281670212745705,0.500005125999451
16,Sweden,2017.0,Europe,9.0,7.28399991989136,1.49438726902008,1.47816216945648,0.830875158309937,0.612924098968506,0.384398728609085,0.38539925217628496
18,Australia,2017.0,Oceania,10.0,7.28399991989136,1.4844149351120002,1.5100419521331798,0.84388679265976,0.601607382297516,0.301183730363846,0.477699249982834
20,Israel,2017.0,Asia,11.0,7.212999820709231,1.3753824234008798,1.37628996372223,0.83840399980545,0.405988603830338,0.0852421000599861,0.330082654953003
22,Costa Rica,2017.0,Americas,12.0,7.0789999961853,1.10970628261566,1.4164036512374898,0.7595092654228209,0.580131649971008,0.100106589496136,0.21461322903633104
24,Austria,2017.0,Europe,13.0,7.00600004196167,1.48709726333618,1.4599449634552,0.8153284192085269,0.567766189575195,0.22106036543846105,0.316472321748734
28,Ireland,2017.0,Europe,15.0,6.977000236511231,1.5357066392898602,1.55823111534119,0.8097826242446899,0.5731103420257571,0.2983881533145901,0.42785832285881
30,Germany,2017.0,Europe,16.0,6.9510002136230495,1.48792338371277,1.47252035140991,0.798950731754303,0.562511384487152,0.276731938123703,0.33626917004585305
32,Belgium,2017.0,Europe,17.0,6.89099979400635,1.46378076076508,1.4623126983642598,0.8180918693542479,0.5397707223892211,0.251343131065369,0.23150333762168895
34,Luxembourg,2017.0,Europe,18.0,6.86299991607666,1.74194359779358,1.45758366584778,0.845089495182037,0.59662789106369,0.31883442401886,0.283180981874466
38,Chile,2017.0,Americas,20.0,6.65199995040894,1.25278460979462,1.28402495384216,0.8194797039031979,0.376895278692245,0.0822879821062088,0.3266624212265011
40,United Arab Emirates,2017.0,Asia,21.0,6.6479997634887695,1.6263433694839498,1.26641023159027,0.726798236370087,0.60834527015686,0.324489563703537,0.3609419465065
42,Brazil,2017.0,Americas,22.0,6.63500022888184,1.10735321044922,1.43130600452423,0.6165523529052729,0.437453746795654,0.111092761158943,0.16234989464282998
46,Argentina,2017.0,Americas,24.0,6.59899997711182,1.18529546260834,1.44045114517212,0.695137083530426,0.4945192039012911,0.059739887714385986,0.109457060694695
48,Mexico,2017.0,Americas,25.0,6.57800006866455,1.15318381786346,1.210862159729,0.709978997707367,0.412730008363724,0.132774114608765,0.120990432798862
50,Singapore,2017.0,Asia,26.0,6.57200002670288,1.69227766990662,1.35381436347961,0.9494923949241642,0.549840569496155,0.46430778503418,0.345965981483459
52,Malta,2017.0,Europe,27.0,6.52699995040894,1.34327983856201,1.48841166496277,0.821944236755371,0.588767051696777,0.153066068887711,0.5747305750846861
54,Uruguay,2017.0,Americas,28.0,6.4539999961853,1.21755969524384,1.41222786903381,0.719216823577881,0.5793922543525699,0.17806187272071802,0.175096929073334
56,Guatemala,2017.0,Americas,29.0,6.4539999961853,0.872001945972443,1.25558519363403,0.540239989757538,0.5313106179237371,0.0772232785820961,0.283488392829895
58,Panama,2017.0,Americas,30.0,6.4520001411438,1.23374843597412,1.3731925487518302,0.706156134605408,0.550026834011078,0.070983923971653,0.21055693924427
60,France,2017.0,Europe,31.0,6.44199991226196,1.43092346191406,1.38777685165405,0.8444658517837521,0.470222115516663,0.172502428293228,0.129762306809425
62,Thailand,2017.0,Asia,32.0,6.423999786376951,1.12786877155304,1.4257924556732198,0.647239029407501,0.580200731754303,0.0316127352416515,0.572123110294342
65,Spain,2017.0,Europe,34.0,6.40299987792969,1.38439786434174,1.53209090232849,0.888960599899292,0.408781230449677,0.0709140971302986,0.190133571624756
67,Qatar,2017.0,Asia,35.0,6.375,1.87076568603516,1.27429687976837,0.7100980877876278,0.604130983352661,0.4392992556095121,0.33047387003898604
69,Colombia,2017.0,Americas,36.0,6.35699987411499,1.07062232494354,1.4021829366683998,0.595027923583984,0.477487415075302,0.0466687418520451,0.14901447296142598
71,Saudi Arabia,2017.0,Asia,37.0,6.343999862670901,1.53062355518341,1.28667759895325,0.590148329734802,0.449750572443008,0.27343225479126004,0.147616013884544
73,Trinidad and Tobago,2017.0,Americas,38.0,6.1680002212524405,1.36135590076447,1.3802285194397,0.5199832916259771,0.518630743026733,0.0089648161083459,0.32529646158218395
74,Kuwait,2017.0,Asia,39.0,6.10500001907349,1.63295245170593,1.25969874858856,0.6321057081222529,0.496337592601776,0.21515955030918105,0.228289797902107
76,Slovakia,2017.0,Europe,40.0,6.09800004959106,1.32539355754852,1.5050592422485398,0.712732911109924,0.295817464590073,0.0242108516395092,0.136544480919838
78,Bahrain,2017.0,Asia,41.0,6.08699989318848,1.48841226100922,1.3231104612350502,0.653133034706116,0.536746919155121,0.257042169570923,0.17266848683357194
80,Malaysia,2017.0,Asia,42.0,6.08400011062622,1.29121541976929,1.28464603424072,0.618784427642822,0.4022649824619289,0.0656007081270218,0.416608929634094
82,Nicaragua,2017.0,Americas,43.0,6.07100009918213,0.737299203872681,1.28721570968628,0.6530959606170649,0.447551846504211,0.130687981843948,0.301674216985703
84,Ecuador,2017.0,Americas,44.0,6.00799989700317,1.00082039833069,1.28616881370544,0.685636222362518,0.4551981985569,0.140134647488594,0.15011246502399406
86,El Salvador,2017.0,Americas,45.0,6.0029997825622585,0.909784495830536,1.1821250915527302,0.596018552780151,0.432452529668808,0.0899809598922729,0.0782579854130745
88,Poland,2017.0,Europe,46.0,5.97300004959106,1.29178786277771,1.44571197032928,0.699475347995758,0.520342111587524,0.0593078061938286,0.158465966582298
90,Uzbekistan,2017.0,Asia,47.0,5.97100019454956,0.786441087722778,1.54896914958954,0.498272627592087,0.6582486629486078,0.246528223156929,0.415983647108078
92,Italy,2017.0,Europe,48.0,5.96400022506714,1.39506661891937,1.44492328166962,0.8531443476676941,0.256450712680817,0.0280280914157629,0.17278964817523998
96,Belize,2017.0,Americas,50.0,5.955999851226809,0.907975316047668,1.08141779899597,0.450191766023636,0.5475093722343439,0.0965810716152191,0.24001564085483604
98,Japan,2017.0,Asia,51.0,5.92000007629395,1.41691517829895,1.43633782863617,0.9134758710861208,0.505625545978546,0.163760736584663,0.12057276815176
100,Lithuania,2017.0,Europe,52.0,5.90199995040894,1.3145823478698702,1.47351610660553,0.62894994020462,0.234231784939766,0.0118656428530812,0.010164656676352
102,Algeria,2017.0,Africa,53.0,5.8720002174377415,1.09186446666718,1.1462174654007,0.6175846457481379,0.233335807919502,0.14609611034393302,0.0694366469979286
104,Latvia,2017.0,Europe,54.0,5.849999904632571,1.26074862480164,1.40471494197845,0.638566970825195,0.325707912445068,0.0738427266478539,0.153074786067009
110,Romania,2017.0,Europe,57.0,5.824999809265139,1.21768391132355,1.15009129047394,0.6851583123207089,0.457003742456436,0.00438790069893,0.133519917726517
114,Turkmenistan,2017.0,Asia,59.0,5.82200002670288,1.1307767629623402,1.49314916133881,0.437726080417633,0.41827192902565,0.2592703402042389,0.24992498755455
116,Kazakhstan,2017.0,Asia,60.0,5.8189997673034695,1.2845562696456898,1.38436901569366,0.6060415506362921,0.43745428323745705,0.11928288638591802,0.20196442306041695
119,Slovenia,2017.0,Europe,62.0,5.75799989700317,1.3412059545517,1.4525188207626298,0.7908282279968258,0.572575807571411,0.0451289787888527,0.242649093270302
121,Peru,2017.0,Americas,63.0,5.71500015258789,1.03522527217865,1.21877038478851,0.6301661133766171,0.4500028789043429,0.0470490865409374,0.126819714903831
123,Mauritius,2017.0,Africa,64.0,5.62900018692017,1.18939554691315,1.20956099033356,0.6380074620246889,0.491247326135635,0.0421815551817417,0.360933750867844
125,Cyprus,2017.0,Asia,65.0,5.62099981307983,1.35593807697296,1.13136327266693,0.84471470117569,0.35511153936386103,0.0412379764020443,0.271254301071167
127,Estonia,2017.0,Europe,66.0,5.61100006103516,1.3208793401718102,1.47667109966278,0.695168316364288,0.479131430387497,0.18324892222881306,0.0988908112049103
129,Belarus,2017.0,Europe,67.0,5.5689997673034695,1.15655755996704,1.4449452161788898,0.6377142667770389,0.295400261878967,0.156313821673393,0.15513750910759
131,Libya,2017.0,Africa,68.0,5.525000095367429,1.10180306434631,1.35756433010101,0.520169019699097,0.465733230113983,0.0926102101802826,0.15207366645336198
133,Turkey,2017.0,Asia,69.0,5.5,1.1982743740081798,1.33775317668915,0.6376056075096129,0.300740599632263,0.0996715798974037,0.0466930419206619
135,Paraguay,2017.0,Americas,70.0,5.493000030517581,0.932537317276001,1.50728487968445,0.579250693321228,0.473507791757584,0.091065913438797,0.224150657653809
138,Philippines,2017.0,Asia,72.0,5.42999982833862,0.85769921541214,1.25391757488251,0.468009054660797,0.585214674472809,0.0993318930268288,0.193513423204422
140,Serbia,2017.0,Europe,73.0,5.39499998092651,1.06931757926941,1.2581897974014298,0.65078467130661,0.20871552824974104,0.0409037806093693,0.22012588381767295
142,Jordan,2017.0,Asia,74.0,5.33599996566772,0.9910123944282528,1.23908889293671,0.6045900583267211,0.418421149253845,0.11980327218771003,0.17217046022415194
144,Hungary,2017.0,Europe,75.0,5.32399988174438,1.2860119342803995,1.34313309192657,0.6877634525299069,0.17586351931095098,0.0366369374096394,0.0784016624093056
146,Jamaica,2017.0,Americas,76.0,5.31099987030029,0.925579309463501,1.3682180643081698,0.6410223841667181,0.474307239055634,0.0552677810192108,0.23381833732128104
148,Croatia,2017.0,Europe,77.0,5.2930002212524405,1.22255623340607,0.96798300743103,0.701288521289825,0.255772292613983,0.0431031100451946,0.248002976179123
152,China,2017.0,Asia,79.0,5.2729997634887695,1.08116579055786,1.16083741188049,0.741415500640869,0.472787708044052,0.0227942746132612,0.0288068410009146
154,Pakistan,2017.0,Asia,80.0,5.26900005340576,0.7268835306167599,0.6726906895637509,0.402047783136368,0.23521526157856,0.124348066747189,0.3154460191726681
156,Indonesia,2017.0,Asia,81.0,5.26200008392334,0.995538592338562,1.27444469928741,0.4923457205295561,0.443323463201523,0.0153171354904771,0.611704587936401
160,Montenegro,2017.0,Europe,83.0,5.23699998855591,1.12112903594971,1.23837649822235,0.6674646735191351,0.194989055395126,0.0881741940975189,0.197911024093628
162,Morocco,2017.0,Africa,84.0,5.2350001335144,0.8781145811080929,0.774864435195923,0.59771066904068,0.408158332109451,0.0877631828188896,0.0322099551558495
164,Azerbaijan,2017.0,Asia,85.0,5.2340002059936515,1.1536017656326298,1.15240025520325,0.5407757759094239,0.3981558382511141,0.180987507104874,0.0452693402767181
166,Dominican Republic,2017.0,Americas,86.0,5.230000019073491,1.07937383651733,1.4024167060852095,0.574873745441437,0.55258983373642,0.113945253193378,0.186967849731445
168,Greece,2017.0,Europe,87.0,5.227000236511231,1.28948748111725,1.23941457271576,0.8101989030838009,0.0957312509417534,0.04328977689147,0.0
170,Lebanon,2017.0,Asia,88.0,5.22499990463257,1.07498753070831,1.12962424755096,0.7350810766220089,0.28851598501205394,0.037513829767704,0.26445075869560203
172,Portugal,2017.0,Europe,89.0,5.19500017166138,1.3151752948761002,1.36704301834106,0.795843541622162,0.498465299606323,0.0158694516867399,0.0951027125120163
174,Bosnia and Herzegovina,2017.0,Europe,90.0,5.18200016021729,0.982409417629242,1.0693359375,0.705186307430267,0.204403176903725,0.0,0.328867495059967
176,Honduras,2017.0,Americas,91.0,5.1810002326965305,0.730573117733002,1.14394497871399,0.582569479942322,0.348079860210419,0.0733454525470734,0.23618887364864305
180,Somalia,2017.0,Africa,93.0,5.151000022888179,0.0226431842893362,0.7211513519287109,0.113989137113094,0.602126955986023,0.28241032361984303,0.291631311178207
184,Nigeria,2017.0,Africa,95.0,5.07399988174438,0.783756256103516,1.21577048301697,0.0569157302379608,0.394952565431595,0.0261215660721064,0.230947196483612
186,Tajikistan,2017.0,Asia,96.0,5.04099988937378,0.524713635444641,1.27146327495575,0.5292351245880129,0.471566706895828,0.14637714624404902,0.24899764358997306
188,Bhutan,2017.0,Asia,97.0,5.01100015640259,0.885416388511658,1.3401265144348102,0.495879292488098,0.5015376806259161,0.17338038980960802,0.474054545164108
190,Kyrgyzstan,2017.0,Asia,98.0,5.0040001869201705,0.5962200760841371,1.39423859119415,0.553457796573639,0.454943388700485,0.0394391790032387,0.42858037352562
192,Nepal,2017.0,Asia,99.0,4.961999893188481,0.479820191860199,1.17928326129913,0.504130780696869,0.4403059482574461,0.0729755461215973,0.3940961658954621
194,Mongolia,2017.0,Asia,100.0,4.95499992370605,1.02723586559296,1.4930112361908,0.557783484458923,0.3941439688205721,0.0329022891819477,0.338464230298996
196,South Africa,2017.0,Africa,101.0,4.8289999961853,1.05469870567322,1.38478863239288,0.18708007037639604,0.479246735572815,0.0725094974040985,0.13936237990856198
198,Tunisia,2017.0,Africa,102.0,4.80499982833862,1.00726580619812,0.8683514595031742,0.613212049007416,0.289680689573288,0.0867231488227844,0.0496933571994305
202,Egypt,2017.0,Africa,104.0,4.7350001335144,0.989701807498932,0.997471392154694,0.520187258720398,0.28211015462875394,0.114381365478039,0.128631442785263
204,Bulgaria,2017.0,Europe,105.0,4.71400022506714,1.1614590883255,1.43437945842743,0.708217680454254,0.2892317175865169,0.0110515309497714,0.113177694380283
206,Sierra Leone,2017.0,Africa,106.0,4.70900011062622,0.36842092871666,0.984136044979095,0.0055647538974881,0.318697690963745,0.0710951760411263,0.293040901422501
208,Cameroon,2017.0,Africa,107.0,4.69500017166138,0.564305365085602,0.946018218994141,0.132892116904259,0.430388748645782,0.0513066314160824,0.23629845678806305
212,Albania,2017.0,Europe,109.0,4.64400005340576,0.996192753314972,0.8036852478981021,0.731159746646881,0.381498634815216,0.0398642159998417,0.201312944293022
214,Bangladesh,2017.0,Asia,110.0,4.60799980163574,0.586682975292206,0.735131740570068,0.533241033554077,0.478356659412384,0.123717859387398,0.17225535213947304
216,Namibia,2017.0,Africa,111.0,4.57399988174438,0.964434325695038,1.0984708070755,0.33861181139946,0.520303547382355,0.0931469723582268,0.0771337449550629
218,Kenya,2017.0,Africa,112.0,4.55299997329712,0.560479462146759,1.06795072555542,0.30998834967613204,0.452763766050339,0.0646413192152977,0.444860309362411
220,Mozambique,2017.0,Africa,113.0,4.5500001907348615,0.234305649995804,0.870701014995575,0.106654435396194,0.480791091918945,0.17943638563156106,0.322228103876114
222,Myanmar,2017.0,Asia,114.0,4.54500007629395,0.36711055040359497,1.12323594093323,0.397522568702698,0.514492034912109,0.188816204667091,0.8380751609802249
224,Senegal,2017.0,Africa,115.0,4.53499984741211,0.479309022426605,1.17969191074371,0.409362852573395,0.37792226672172496,0.115460447967052,0.183468893170357
226,Zambia,2017.0,Africa,116.0,4.513999938964839,0.6364067792892459,1.00318729877472,0.25783589482307395,0.461603492498398,0.0782135501503944,0.249580144882202
228,Iraq,2017.0,Asia,117.0,4.49700021743774,1.1027104854583702,0.978613197803497,0.501180469989777,0.288555532693863,0.107215754687786,0.19963726401329
230,Gabon,2017.0,Africa,118.0,4.46500015258789,1.1982102394104,1.1556202173233,0.35657858848571794,0.31232857704162603,0.0760467872023582,0.0437853783369064
232,Ethiopia,2017.0,Africa,119.0,4.46000003814697,0.339233845472336,0.8646692037582401,0.353409707546234,0.408842742443085,0.16545571386814098,0.31265074014663696
234,Sri Lanka,2017.0,Asia,120.0,4.44000005722046,1.00985014438629,1.25997638702393,0.625130832195282,0.561213254928589,0.0736539661884308,0.490863561630249
236,Armenia,2017.0,Asia,121.0,4.37599992752075,0.900596737861633,1.00748372077942,0.637524425983429,0.198303267359734,0.0266744215041399,0.0834880918264389
238,India,2017.0,Asia,122.0,4.31500005722046,0.7922212481498722,0.754372596740723,0.455427616834641,0.469987004995346,0.0922268852591515,0.23153848946094505
240,Mauritania,2017.0,Africa,123.0,4.29199981689453,0.6484572887420649,1.2720308303833,0.285349279642105,0.0960980430245399,0.136957004666328,0.201870024204254
244,Georgia,2017.0,Asia,125.0,4.28599977493286,0.950612664222717,0.57061493396759,0.649546980857849,0.309410035610199,0.25166663527488703,0.0540088154375553
248,Mali,2017.0,Africa,127.0,4.19000005722046,0.476180493831635,1.2814733982086202,0.16936567425727805,0.306613743305206,0.10497024655342098,0.183354198932648
252,Cambodia,2017.0,Asia,129.0,4.1680002212524405,0.6017650961875921,1.00623834133148,0.429783403873444,0.633375823497772,0.0681059509515762,0.385922968387604
254,Sudan,2017.0,Africa,130.0,4.138999938964839,0.6595166921615601,1.21400856971741,0.290920823812485,0.0149958552792668,0.089847519993782,0.182317450642586
256,Ghana,2017.0,Africa,131.0,4.11999988555908,0.667224824428558,0.873664736747742,0.29563772678375205,0.423026293516159,0.0253363698720932,0.25692394375801103
258,Ukraine,2017.0,Europe,132.0,4.09600019454956,0.89465194940567,1.39453756809235,0.575903952121735,0.122974775731564,0.0230294708162546,0.270061463117599
260,Uganda,2017.0,Africa,133.0,4.08099985122681,0.381430715322495,1.12982773780823,0.21763260662555706,0.443185955286026,0.057069718837738,0.32576605677604703
262,Burkina Faso,2017.0,Africa,134.0,4.03200006484985,0.3502277135849001,1.04328000545502,0.21584425866603896,0.32436785101890603,0.12032810598611805,0.250864684581757
264,Niger,2017.0,Africa,135.0,4.02799987792969,0.16192533075809498,0.993025004863739,0.26850500702858,0.36365869641304,0.13857294619083402,0.228673845529556
266,Malawi,2017.0,Africa,136.0,3.97000002861023,0.233442038297653,0.5125688314437871,0.315089583396912,0.466914653778076,0.0727116540074348,0.28717046976089505
268,Chad,2017.0,Africa,137.0,3.9360001087188703,0.43801298737525896,0.953855872154236,0.0411347150802612,0.16234202682972002,0.0535818822681904,0.216113850474358
270,Zimbabwe,2017.0,Africa,138.0,3.875,0.3758465349674221,1.08309590816498,0.19676375389099104,0.336384207010269,0.0953753814101219,0.189143493771553
272,Lesotho,2017.0,Africa,139.0,3.80800008773804,0.521021246910095,1.19009518623352,0.0,0.390661299228668,0.119094640016556,0.157497271895409
274,Angola,2017.0,Africa,140.0,3.79500007629395,0.8584281802177429,1.10441195964813,0.0498686656355858,0.0,0.0697203353047371,0.09792649000883097
276,Afghanistan,2017.0,Asia,141.0,3.79399991035461,0.401477217674255,0.581543326377869,0.18074677884578694,0.106179520487785,0.0611578300595284,0.311870932579041
278,Botswana,2017.0,Africa,142.0,3.7660000324249294,1.12209415435791,1.22155499458313,0.34175550937652605,0.505196332931519,0.0985831990838051,0.0993484482169151
280,Benin,2017.0,Africa,143.0,3.65700006484985,0.43108540773391707,0.435299843549728,0.20993021130561804,0.42596277594566295,0.0609290152788162,0.207948461174965
282,Madagascar,2017.0,Africa,144.0,3.64400005340576,0.305808693170547,0.9130203723907472,0.375223308801651,0.18919676542282104,0.0672319754958153,0.208732530474663
284,Haiti,2017.0,Americas,145.0,3.6029999256134,0.368610262870789,0.640449821949005,0.277321130037308,0.0303698573261499,0.0998721495270729,0.4892037808895109
286,Yemen,2017.0,Asia,146.0,3.59299993515015,0.5916834473609921,0.93538224697113,0.310080915689468,0.24946372210979506,0.0567674227058887,0.104125209152699
288,South Sudan,2017.0,Africa,147.0,3.5910000801086404,0.39724862575531,0.601323127746582,0.163486003875732,0.147062435746193,0.116793513298035,0.285670816898346
290,Liberia,2017.0,Africa,148.0,3.532999992370609,0.119041793048382,0.8721179366111759,0.229918196797371,0.33288118243217496,0.0389482490718365,0.26654988527298
292,Guinea,2017.0,Africa,149.0,3.50699996948242,0.24454993009567305,0.7912446856498722,0.194129139184952,0.348587512969971,0.110937617719173,0.264815092086792
294,Togo,2017.0,Africa,150.0,3.4949998855590803,0.3054447174072269,0.4318825304508211,0.247105568647385,0.38042613863945,0.0956650152802467,0.19689615070819896
296,Rwanda,2017.0,Africa,151.0,3.47099995613098,0.368745893239975,0.945707023143768,0.326424807310104,0.5818438529968261,0.455220013856888,0.2527560293674469
302,Burundi,2017.0,Africa,154.0,2.90499997138977,0.091622568666935,0.629793584346771,0.151610791683197,0.0599007532000542,0.0841479450464249,0.20443518459796894
304,Central African Republic,2017.0,Africa,155.0,2.69300007820129,0.0,0.0,0.0187726859003305,0.270842045545578,0.0565650761127472,0.280876487493515
