Country,year,Region,happiness_rank,happiness_score,standard_error,gpd_per_capita,Family,life_expectancy,Freedom,government_corruption,Generosity,dystopia_residual,Social support
Switzerland,2015,Western Europe,1,7.587,0.03411,1.39651,1.34951,0.94143,0.66557,0.41978,0.29678,2.51738,
Iceland,2015,Western Europe,2,7.561,0.04884,1.30232,1.40223,0.94784,0.62877,0.14145,0.4363,2.70201,
Denmark,2015,Western Europe,3,7.527,0.03328,1.32548,1.36058,0.87464,0.64938,0.48357,0.34139,2.49204,
Norway,2015,Western Europe,4,7.522,0.0388,1.459,1.33095,0.88521,0.66973,0.36503,0.34699,2.46531,
Canada,2015,North America,5,7.427,0.03553,1.32629,1.32261,0.90563,0.63297,0.32957,0.45811,2.45176,
Finland,2015,Western Europe,6,7.406,0.0314,1.29025,1.31826,0.88911,0.64169,0.41372,0.23351,2.61955,
Netherlands,2015,Western Europe,7,7.378,0.02799,1.32944,1.28017,0.89284,0.61576,0.31814,0.4761,2.4657,
Sweden,2015,Western Europe,8,7.364,0.03157,1.33171,1.28907,0.91087,0.6598,0.43844,0.36262,2.37119,
New Zealand,2015,Australia and New Zealand,9,7.286,0.03371,1.25018,1.31967,0.90837,0.63938,0.42922,0.47501,2.26425,
Australia,2015,Australia and New Zealand,10,7.284,0.04083,1.33358,1.30923,0.93156,0.65124,0.35637,0.43562,2.26646,
Israel,2015,Middle East and Northern Africa,11,7.278,0.0347,1.22857,1.22393,0.91387,0.41319,0.07785,0.33172,3.08854,
Costa Rica,2015,Latin America and Caribbean,12,7.226,0.04454,0.95578,1.23788,0.86027,0.63376,0.10583,0.25497,3.17728,
Austria,2015,Western Europe,13,7.2,0.03751,1.33723,1.29704,0.89042,0.62433,0.18676,0.33088,2.5332,
Mexico,2015,Latin America and Caribbean,14,7.187,0.04176,1.02054,0.91451,0.81444,0.48181,0.21312,0.14074,3.60214,
United States,2015,North America,15,7.119,0.03839,1.39451,1.24711,0.86179,0.54604,0.1589,0.40105,2.51011,
Brazil,2015,Latin America and Caribbean,16,6.983,0.04076,0.98124,1.23287,0.69702,0.49049,0.17521,0.14574,3.26001,
Luxembourg,2015,Western Europe,17,6.946,0.03499,1.56391,1.21963,0.91894,0.61583,0.37798,0.28034,1.96961,
Ireland,2015,Western Europe,18,6.94,0.03676,1.33596,1.36948,0.89533,0.61777,0.28703,0.45901,1.9757,
Belgium,2015,Western Europe,19,6.937,0.03595,1.30782,1.28566,0.89667,0.5845,0.2254,0.2225,2.41484,
United Arab Emirates,2015,Middle East and Northern Africa,20,6.901,0.03729,1.42727,1.12575,0.80925,0.64157,0.38583,0.26428,2.24743,
United Kingdom,2015,Western Europe,21,6.867,0.01866,1.26637,1.28548,0.90943,0.59625,0.32067,0.51912,1.96994,
Oman,2015,Middle East and Northern Africa,22,6.853,0.05335,1.36011,1.08182,0.76276,0.63274,0.32524,0.21542,2.47489,
Venezuela,2015,Latin America and Caribbean,23,6.81,0.06476,1.04424,1.25596,0.72052,0.42908,0.11069,0.05841,3.19131,
Singapore,2015,Southeastern Asia,24,6.798,0.0378,1.52186,1.02,1.02525,0.54252,0.4921,0.31105,1.88501,
Panama,2015,Latin America and Caribbean,25,6.786,0.0491,1.06353,1.1985,0.79661,0.5421,0.0927,0.24434,2.84848,
Germany,2015,Western Europe,26,6.75,0.01848,1.32792,1.29937,0.89186,0.61477,0.21843,0.28214,2.11569,
Chile,2015,Latin America and Caribbean,27,6.67,0.058,1.10715,1.12447,0.85857,0.44132,0.12869,0.33363,2.67585,
Qatar,2015,Middle East and Northern Africa,28,6.611,0.06257,1.69042,1.0786,0.79733,0.6404,0.52208,0.32573,1.55674,
France,2015,Western Europe,29,6.575,0.03512,1.27778,1.26038,0.94579,0.55011,0.20646,0.12332,2.21126,
Argentina,2015,Latin America and Caribbean,30,6.574,0.04612,1.05351,1.24823,0.78723,0.44974,0.08484,0.11451,2.836,
Czech Republic,2015,Central and Eastern Europe,31,6.505,0.04168,1.17898,1.20643,0.84483,0.46364,0.02652,0.10686,2.67782,
Uruguay,2015,Latin America and Caribbean,32,6.485,0.04539,1.06166,1.2089,0.8116,0.60362,0.24558,0.2324,2.32142,
Colombia,2015,Latin America and Caribbean,33,6.477,0.05051,0.91861,1.24018,0.69077,0.53466,0.0512,0.18401,2.85737,
Thailand,2015,Southeastern Asia,34,6.455,0.03557,0.9669,1.26504,0.7385,0.55664,0.03187,0.5763,2.31945,
Saudi Arabia,2015,Middle East and Northern Africa,35,6.411,0.04633,1.39541,1.08393,0.72025,0.31048,0.32524,0.13706,2.43872,
Spain,2015,Western Europe,36,6.329,0.03468,1.23011,1.31379,0.95562,0.45951,0.06398,0.18227,2.12367,
Malta,2015,Western Europe,37,6.302,0.04206,1.2074,1.30203,0.88721,0.60365,0.13586,0.51752,1.6488,
Taiwan,2015,Eastern Asia,38,6.298,0.03868,1.29098,1.07617,0.8753,0.3974,0.08129,0.25376,2.32323,
Kuwait,2015,Middle East and Northern Africa,39,6.295,0.04456,1.55422,1.16594,0.72492,0.55499,0.25609,0.16228,1.87634,
Suriname,2015,Latin America and Caribbean,40,6.269,0.09811,0.99534,0.972,0.6082,0.59657,0.13633,0.16991,2.79094,
Trinidad and Tobago,2015,Latin America and Caribbean,41,6.168,0.10895,1.21183,1.18354,0.61483,0.55884,0.0114,0.31844,2.26882,
El Salvador,2015,Latin America and Caribbean,42,6.13,0.05618,0.76454,1.02507,0.67737,0.4035,0.11776,0.10692,3.035,
Guatemala,2015,Latin America and Caribbean,43,6.123,0.05224,0.74553,1.04356,0.64425,0.57733,0.09472,0.27489,2.74255,
Uzbekistan,2015,Central and Eastern Europe,44,6.003,0.04361,0.63244,1.34043,0.59772,0.65821,0.30826,0.22837,2.23741,
Slovakia,2015,Central and Eastern Europe,45,5.995,0.04267,1.16891,1.26999,0.78902,0.31751,0.03431,0.16893,2.24639,
Japan,2015,Eastern Asia,46,5.987,0.03581,1.27074,1.25712,0.99111,0.49615,0.1806,0.10705,1.68435,
South Korea,2015,Eastern Asia,47,5.984,0.04098,1.24461,0.95774,0.96538,0.33208,0.07857,0.18557,2.21978,
Ecuador,2015,Latin America and Caribbean,48,5.975,0.04528,0.86402,0.99903,0.79075,0.48574,0.1809,0.11541,2.53942,
Bahrain,2015,Middle East and Northern Africa,49,5.96,0.05412,1.32376,1.21624,0.74716,0.45492,0.306,0.17362,1.73797,
Italy,2015,Western Europe,50,5.948,0.03914,1.25114,1.19777,0.95446,0.26236,0.02901,0.22823,2.02518,
Bolivia,2015,Latin America and Caribbean,51,5.89,0.05642,0.68133,0.97841,0.5392,0.57414,0.088,0.20536,2.82334,
Moldova,2015,Central and Eastern Europe,52,5.889,0.03799,0.59448,1.01528,0.61826,0.32818,0.01615,0.20951,3.10712,
Paraguay,2015,Latin America and Caribbean,53,5.878,0.04563,0.75985,1.30477,0.66098,0.53899,0.08242,0.3424,2.18896,
Kazakhstan,2015,Central and Eastern Europe,54,5.855,0.04114,1.12254,1.12241,0.64368,0.51649,0.08454,0.11827,2.24729,
Slovenia,2015,Central and Eastern Europe,55,5.848,0.04251,1.18498,1.27385,0.87337,0.60855,0.03787,0.25328,1.61583,
Lithuania,2015,Central and Eastern Europe,56,5.833,0.03843,1.14723,1.25745,0.73128,0.21342,0.01031,0.02641,2.44649,
Nicaragua,2015,Latin America and Caribbean,57,5.828,0.05371,0.59325,1.14184,0.74314,0.55475,0.19317,0.27815,2.32407,
Peru,2015,Latin America and Caribbean,58,5.824,0.04615,0.90019,0.97459,0.73017,0.41496,0.05989,0.14982,2.5945,
Belarus,2015,Central and Eastern Europe,59,5.813,0.03938,1.03192,1.23289,0.73608,0.37938,0.1909,0.11046,2.1309,
Poland,2015,Central and Eastern Europe,60,5.791,0.04263,1.12555,1.27948,0.77903,0.53122,0.04212,0.16759,1.86565,
Malaysia,2015,Southeastern Asia,61,5.77,0.0433,1.12486,1.07023,0.72394,0.53024,0.10501,0.33075,1.88541,
Croatia,2015,Central and Eastern Europe,62,5.759,0.04394,1.08254,0.79624,0.78805,0.25883,0.0243,0.05444,2.75414,
Libya,2015,Middle East and Northern Africa,63,5.754,0.07832,1.13145,1.11862,0.7038,0.41668,0.11023,0.18295,2.09066,
Russia,2015,Central and Eastern Europe,64,5.716,0.03135,1.13764,1.23617,0.66926,0.36679,0.03005,0.00199,2.27394,
Jamaica,2015,Latin America and Caribbean,65,5.709,0.13693,0.81038,1.15102,0.68741,0.50442,0.02299,0.2123,2.32038,
North Cyprus,2015,Western Europe,66,5.695,0.05635,1.20806,1.07008,0.92356,0.49027,0.1428,0.26169,1.59888,
Cyprus,2015,Western Europe,67,5.689,0.0558,1.20813,0.89318,0.92356,0.40672,0.06146,0.30638,1.88931,
Algeria,2015,Middle East and Northern Africa,68,5.605,0.05099,0.93929,1.07772,0.61766,0.28579,0.17383,0.07822,2.43209,
Kosovo,2015,Central and Eastern Europe,69,5.589,0.05018,0.80148,0.81198,0.63132,0.24749,0.04741,0.2831,2.76579,
Turkmenistan,2015,Central and Eastern Europe,70,5.548,0.04175,0.95847,1.22668,0.53886,0.4761,0.30844,0.16979,1.86984,
Mauritius,2015,Sub-Saharan Africa,71,5.477,0.07197,1.00761,0.98521,0.7095,0.56066,0.07521,0.37744,1.76145,
Hong Kong,2015,Eastern Asia,72,5.474,0.05051,1.38604,1.05818,1.01328,0.59608,0.37124,0.39478,0.65429,
Estonia,2015,Central and Eastern Europe,73,5.429,0.04013,1.15174,1.22791,0.77361,0.44888,0.15184,0.0868,1.58782,
Indonesia,2015,Southeastern Asia,74,5.399,0.02596,0.82827,1.08708,0.63793,0.46611,0.0,0.51535,1.86399,
Vietnam,2015,Southeastern Asia,75,5.36,0.03107,0.63216,0.91226,0.74676,0.59444,0.10441,0.1686,2.20173,
Turkey,2015,Middle East and Northern Africa,76,5.332,0.03864,1.06098,0.94632,0.73172,0.22815,0.15746,0.12253,2.08528,
Kyrgyzstan,2015,Central and Eastern Europe,77,5.286,0.03823,0.47428,1.15115,0.65088,0.43477,0.04232,0.3003,2.2327,
Nigeria,2015,Sub-Saharan Africa,78,5.268,0.04192,0.65435,0.90432,0.16007,0.34334,0.0403,0.27233,2.89319,
Bhutan,2015,Southern Asia,79,5.253,0.03225,0.77042,1.10395,0.57407,0.53206,0.15445,0.47998,1.63794,
Azerbaijan,2015,Central and Eastern Europe,80,5.212,0.03363,1.02389,0.93793,0.64045,0.3703,0.16065,0.07799,2.00073,
Pakistan,2015,Southern Asia,81,5.194,0.03726,0.59543,0.41411,0.51466,0.12102,0.10464,0.33671,3.10709,
Jordan,2015,Middle East and Northern Africa,82,5.192,0.04524,0.90198,1.05392,0.69639,0.40661,0.14293,0.11053,1.87996,
Montenegro,2015,Central and Eastern Europe,82,5.192,0.05235,0.97438,0.90557,0.72521,0.1826,0.14296,0.1614,2.10017,
China,2015,Eastern Asia,84,5.14,0.02424,0.89012,0.94675,0.81658,0.51697,0.02781,0.08185,1.8604,
Zambia,2015,Sub-Saharan Africa,85,5.129,0.06988,0.47038,0.91612,0.29924,0.48827,0.12468,0.19591,2.6343,
Romania,2015,Central and Eastern Europe,86,5.124,0.06607,1.04345,0.88588,0.7689,0.35068,0.00649,0.13748,1.93129,
Serbia,2015,Central and Eastern Europe,87,5.123,0.04864,0.92053,1.00964,0.74836,0.20107,0.02617,0.19231,2.025,
Portugal,2015,Western Europe,88,5.102,0.04802,1.15991,1.13935,0.87519,0.51469,0.01078,0.13719,1.26462,
Latvia,2015,Central and Eastern Europe,89,5.098,0.0464,1.11312,1.09562,0.72437,0.29671,0.06332,0.18226,1.62215,
Philippines,2015,Southeastern Asia,90,5.073,0.04934,0.70532,1.03516,0.58114,0.62545,0.12279,0.24991,1.7536,
Somaliland region,2015,Sub-Saharan Africa,91,5.057,0.06161,0.18847,0.95152,0.43873,0.46582,0.39928,0.50318,2.11032,
Morocco,2015,Middle East and Northern Africa,92,5.013,0.0342,0.73479,0.64095,0.60954,0.41691,0.08546,0.07172,2.45373,
Macedonia,2015,Central and Eastern Europe,93,5.007,0.05376,0.91851,1.00232,0.73545,0.33457,0.05327,0.22359,1.73933,
Mozambique,2015,Sub-Saharan Africa,94,4.971,0.07896,0.08308,1.02626,0.09131,0.34037,0.15603,0.22269,3.05137,
Albania,2015,Central and Eastern Europe,95,4.959,0.05013,0.87867,0.80434,0.81325,0.35733,0.06413,0.14272,1.89894,
Bosnia and Herzegovina,2015,Central and Eastern Europe,96,4.949,0.06913,0.83223,0.91916,0.79081,0.09245,0.00227,0.24808,2.06367,
Lesotho,2015,Sub-Saharan Africa,97,4.898,0.09438,0.37545,1.04103,0.07612,0.31767,0.12504,0.16388,2.79832,
Dominican Republic,2015,Latin America and Caribbean,98,4.885,0.07446,0.89537,1.17202,0.66825,0.57672,0.14234,0.21684,1.21305,
Laos,2015,Southeastern Asia,99,4.876,0.06698,0.59066,0.73803,0.54909,0.59591,0.24249,0.42192,1.73799,
Mongolia,2015,Eastern Asia,100,4.874,0.03313,0.82819,1.3006,0.60268,0.43626,0.02666,0.3323,1.34759,
Swaziland,2015,Sub-Saharan Africa,101,4.867,0.08742,0.71206,1.07284,0.07566,0.30658,0.0306,0.18259,2.48676,
Greece,2015,Western Europe,102,4.857,0.05062,1.15406,0.92933,0.88213,0.07699,0.01397,0.0,1.80101,
Lebanon,2015,Middle East and Northern Africa,103,4.839,0.04337,1.02564,0.80001,0.83947,0.33916,0.04582,0.21854,1.57059,
Hungary,2015,Central and Eastern Europe,104,4.8,0.06107,1.12094,1.20215,0.75905,0.32112,0.02758,0.128,1.24074,
Honduras,2015,Latin America and Caribbean,105,4.788,0.05648,0.59532,0.95348,0.6951,0.40148,0.06825,0.23027,1.84408,
Tajikistan,2015,Central and Eastern Europe,106,4.786,0.03198,0.39047,0.85563,0.57379,0.47216,0.15072,0.22974,2.11399,
Tunisia,2015,Middle East and Northern Africa,107,4.739,0.03589,0.88113,0.60429,0.73793,0.26268,0.06358,0.06431,2.12466,
Palestinian Territories,2015,Middle East and Northern Africa,108,4.715,0.04394,0.59867,0.92558,0.66015,0.24499,0.12905,0.11251,2.04384,
Bangladesh,2015,Southern Asia,109,4.694,0.03077,0.39753,0.43106,0.60164,0.4082,0.12569,0.21222,2.51767,
Iran,2015,Middle East and Northern Africa,110,4.686,0.04449,1.0088,0.54447,0.69805,0.30033,0.05863,0.38086,1.6944,
Ukraine,2015,Central and Eastern Europe,111,4.681,0.04412,0.79907,1.20278,0.6739,0.25123,0.02961,0.15275,1.5714,
Iraq,2015,Middle East and Northern Africa,112,4.677,0.05232,0.98549,0.81889,0.60237,0.0,0.13788,0.17922,1.95335,
South Africa,2015,Sub-Saharan Africa,113,4.642,0.04585,0.92049,1.18468,0.27688,0.33207,0.08884,0.11973,1.71956,
Ghana,2015,Sub-Saharan Africa,114,4.633,0.04742,0.54558,0.67954,0.40132,0.42342,0.04355,0.23087,2.30919,
Zimbabwe,2015,Sub-Saharan Africa,115,4.61,0.0429,0.271,1.03276,0.33475,0.25861,0.08079,0.18987,2.44191,
Liberia,2015,Sub-Saharan Africa,116,4.571,0.11068,0.0712,0.78968,0.34201,0.28531,0.06232,0.24362,2.77729,
India,2015,Southern Asia,117,4.565,0.02043,0.64499,0.38174,0.51529,0.39786,0.08492,0.26475,2.27513,
Sudan,2015,Sub-Saharan Africa,118,4.55,0.0674,0.52107,1.01404,0.36878,0.10081,0.1466,0.19062,2.20857,
Haiti,2015,Latin America and Caribbean,119,4.518,0.07331,0.26673,0.74302,0.38847,0.24425,0.17175,0.46187,2.24173,
Congo (Kinshasa),2015,Sub-Saharan Africa,120,4.517,0.0368,0.0,1.0012,0.09806,0.22605,0.07625,0.24834,2.86712,
Nepal,2015,Southern Asia,121,4.514,0.03607,0.35997,0.86449,0.56874,0.38282,0.05907,0.32296,1.95637,
Ethiopia,2015,Sub-Saharan Africa,122,4.512,0.0378,0.19073,0.60406,0.44055,0.4345,0.15048,0.24325,2.44876,
Sierra Leone,2015,Sub-Saharan Africa,123,4.507,0.07068,0.33024,0.95571,0.0,0.4084,0.08786,0.21488,2.51009,
Mauritania,2015,Sub-Saharan Africa,124,4.436,0.03947,0.45407,0.86908,0.35874,0.24232,0.17461,0.219,2.11773,
Kenya,2015,Sub-Saharan Africa,125,4.419,0.04734,0.36471,0.99876,0.41435,0.42215,0.05839,0.37542,1.78555,
Djibouti,2015,Sub-Saharan Africa,126,4.369,0.08096,0.44025,0.59207,0.36291,0.46074,0.28105,0.18093,2.05125,
Armenia,2015,Central and Eastern Europe,127,4.35,0.04763,0.76821,0.77711,0.7299,0.19847,0.039,0.07855,1.75873,
Botswana,2015,Sub-Saharan Africa,128,4.332,0.04934,0.99355,1.10464,0.04776,0.49495,0.12474,0.10461,1.46181,
Myanmar,2015,Southeastern Asia,129,4.307,0.04351,0.27108,0.70905,0.48246,0.44017,0.19034,0.79588,1.41805,
Georgia,2015,Central and Eastern Europe,130,4.297,0.04221,0.7419,0.38562,0.72926,0.40577,0.38331,0.05547,1.59541,
Malawi,2015,Sub-Saharan Africa,131,4.292,0.0613,0.01604,0.41134,0.22562,0.43054,0.06977,0.33128,2.80791,
Sri Lanka,2015,Southern Asia,132,4.271,0.03751,0.83524,1.01905,0.70806,0.53726,0.09179,0.40828,0.67108,
Cameroon,2015,Sub-Saharan Africa,133,4.252,0.04678,0.4225,0.88767,0.23402,0.49309,0.05786,0.20618,1.95071,
Bulgaria,2015,Central and Eastern Europe,134,4.218,0.04828,1.01216,1.10614,0.76649,0.30587,0.00872,0.11921,0.89991,
Egypt,2015,Middle East and Northern Africa,135,4.194,0.0326,0.8818,0.747,0.61712,0.17288,0.06324,0.11291,1.59927,
Yemen,2015,Middle East and Northern Africa,136,4.077,0.04367,0.54649,0.68093,0.40064,0.35571,0.07854,0.09131,1.92313,
Angola,2015,Sub-Saharan Africa,137,4.033,0.04758,0.75778,0.8604,0.16683,0.10384,0.07122,0.12344,1.94939,
Mali,2015,Sub-Saharan Africa,138,3.995,0.05602,0.26074,1.03526,0.20583,0.38857,0.12352,0.18798,1.79293,
Congo (Brazzaville),2015,Sub-Saharan Africa,139,3.989,0.06682,0.67866,0.6629,0.31051,0.41466,0.11686,0.12388,1.68135,
Comoros,2015,Sub-Saharan Africa,140,3.956,0.04797,0.23906,0.79273,0.36315,0.22917,0.199,0.17441,1.95812,
Uganda,2015,Sub-Saharan Africa,141,3.931,0.04317,0.21102,1.13299,0.33861,0.45727,0.07267,0.29066,1.42766,
Senegal,2015,Sub-Saharan Africa,142,3.904,0.03608,0.36498,0.97619,0.4354,0.36772,0.10713,0.20843,1.44395,
Gabon,2015,Sub-Saharan Africa,143,3.896,0.04547,1.06024,0.90528,0.43372,0.31914,0.11091,0.06822,0.99895,
Niger,2015,Sub-Saharan Africa,144,3.845,0.03602,0.0694,0.77265,0.29707,0.47692,0.15639,0.19387,1.87877,
Cambodia,2015,Southeastern Asia,145,3.819,0.05069,0.46038,0.62736,0.61114,0.66246,0.07247,0.40359,0.98195,
Tanzania,2015,Sub-Saharan Africa,146,3.781,0.05061,0.2852,1.00268,0.38215,0.32878,0.05747,0.34377,1.38079,
Madagascar,2015,Sub-Saharan Africa,147,3.681,0.03633,0.20824,0.66801,0.46721,0.19184,0.08124,0.21333,1.851,
Central African Republic,2015,Sub-Saharan Africa,148,3.678,0.06112,0.0785,0.0,0.06699,0.48879,0.08289,0.23835,2.7223,
Chad,2015,Sub-Saharan Africa,149,3.667,0.0383,0.34193,0.76062,0.1501,0.23501,0.05269,0.18386,1.94296,
Guinea,2015,Sub-Saharan Africa,150,3.656,0.0359,0.17417,0.46475,0.24009,0.37725,0.12139,0.28657,1.99172,
Ivory Coast,2015,Sub-Saharan Africa,151,3.655,0.05141,0.46534,0.77115,0.15185,0.46866,0.17922,0.20165,1.41723,
Burkina Faso,2015,Sub-Saharan Africa,152,3.587,0.04324,0.25812,0.85188,0.27125,0.39493,0.12832,0.21747,1.46494,
Afghanistan,2015,Southern Asia,153,3.575,0.03084,0.31982,0.30285,0.30335,0.23414,0.09719,0.3651,1.9521,
Rwanda,2015,Sub-Saharan Africa,154,3.465,0.03464,0.22208,0.7737,0.42864,0.59201,0.55191,0.22628,0.67042,
Benin,2015,Sub-Saharan Africa,155,3.34,0.03656,0.28665,0.35386,0.3191,0.4845,0.0801,0.1826,1.63328,
Syria,2015,Middle East and Northern Africa,156,3.006,0.05015,0.6632,0.47489,0.72193,0.15684,0.18906,0.47179,0.32858,
Burundi,2015,Sub-Saharan Africa,157,2.905,0.08658,0.0153,0.41587,0.22396,0.1185,0.10062,0.19727,1.83302,
Togo,2015,Sub-Saharan Africa,158,2.839,0.06727,0.20868,0.13995,0.28443,0.36453,0.10731,0.16681,1.56726,
Denmark,2016,Western Europe,1,7.526,,1.44178,1.16374,0.79504,0.57941,0.44453,0.36171,2.73939,
Switzerland,2016,Western Europe,2,7.509,,1.52733,1.14524,0.86303,0.58557,0.41203,0.28083,2.69463,
Iceland,2016,Western Europe,3,7.501,,1.42666,1.18326,0.86733,0.56624,0.14975,0.47678,2.83137,
Norway,2016,Western Europe,4,7.498,,1.57744,1.1269,0.79579,0.59609,0.35776,0.37895,2.66465,
Finland,2016,Western Europe,5,7.413,,1.40598,1.13464,0.81091,0.57104,0.41004,0.25492,2.82596,
Canada,2016,North America,6,7.404,,1.44015,1.0961,0.8276,0.5737,0.31329,0.44834,2.70485,
Netherlands,2016,Western Europe,7,7.339,,1.46468,1.02912,0.81231,0.55211,0.29927,0.47416,2.70749,
New Zealand,2016,Australia and New Zealand,8,7.334,,1.36066,1.17278,0.83096,0.58147,0.41904,0.49401,2.47553,
Australia,2016,Australia and New Zealand,9,7.313,,1.44443,1.10476,0.8512,0.56837,0.32331,0.47407,2.5465,
Sweden,2016,Western Europe,10,7.291,,1.45181,1.08764,0.83121,0.58218,0.40867,0.38254,2.54734,
Israel,2016,Middle East and Northern Africa,11,7.267,,1.33766,0.99537,0.84917,0.36432,0.08728,0.32288,3.31029,
Austria,2016,Western Europe,12,7.119,,1.45038,1.08383,0.80565,0.54355,0.21348,0.32865,2.69343,
United States,2016,North America,13,7.104,,1.50796,1.04782,0.779,0.48163,0.14868,0.41077,2.72782,
Costa Rica,2016,Latin America and Caribbean,14,7.087,,1.06879,1.02152,0.76146,0.55225,0.10547,0.22553,3.35168,
Puerto Rico,2016,Latin America and Caribbean,15,7.039,,1.35943,1.08113,0.77758,0.46823,0.12275,0.22202,3.0076,
Germany,2016,Western Europe,16,6.994,,1.44787,1.09774,0.81487,0.53466,0.28551,0.30452,2.50931,
Brazil,2016,Latin America and Caribbean,17,6.952,,1.08754,1.03938,0.61415,0.40425,0.14166,0.15776,3.50733,
Belgium,2016,Western Europe,18,6.929,,1.42539,1.05249,0.81959,0.51354,0.26248,0.2424,2.61355,
Ireland,2016,Western Europe,19,6.907,,1.48341,1.16157,0.81455,0.54008,0.29754,0.44963,2.15988,
Luxembourg,2016,Western Europe,20,6.871,,1.69752,1.03999,0.84542,0.5487,0.35329,0.27571,2.11055,
Mexico,2016,Latin America and Caribbean,21,6.778,,1.11508,0.7146,0.71143,0.37709,0.18355,0.11735,3.55906,
Singapore,2016,Southeastern Asia,22,6.739,,1.64555,0.86758,0.94719,0.4877,0.46987,0.32706,1.99375,
United Kingdom,2016,Western Europe,23,6.725,,1.40283,1.08672,0.80991,0.50036,0.27399,0.50156,2.14999,
Chile,2016,Latin America and Caribbean,24,6.705,,1.2167,0.90587,0.81883,0.37789,0.11451,0.31595,2.95505,
Panama,2016,Latin America and Caribbean,25,6.701,,1.18306,0.98912,0.70835,0.48927,0.08423,0.2418,3.00559,
Argentina,2016,Latin America and Caribbean,26,6.65,,1.15137,1.06612,0.69711,0.42284,0.07296,0.10989,3.12985,
Czech Republic,2016,Central and Eastern Europe,27,6.596,,1.30915,1.00793,0.76376,0.41418,0.03986,0.09929,2.96211,
United Arab Emirates,2016,Middle East and Northern Africa,28,6.573,,1.57352,0.87114,0.72993,0.56215,0.35561,0.26591,2.21507,
Uruguay,2016,Latin America and Caribbean,29,6.545,,1.18157,1.03143,0.72183,0.54388,0.21394,0.18056,2.67139,
Malta,2016,Western Europe,30,6.488,,1.30782,1.09879,0.80315,0.54994,0.17554,0.56237,1.99032,
Colombia,2016,Latin America and Caribbean,31,6.481,,1.03032,1.02169,0.59659,0.44735,0.05399,0.15626,3.17471,
France,2016,Western Europe,32,6.478,,1.39488,1.00508,0.83795,0.46562,0.17808,0.1216,2.4744,
Thailand,2016,Southeastern Asia,33,6.474,,1.0893,1.04477,0.64915,0.49553,0.02833,0.58696,2.5796,
Saudi Arabia,2016,Middle East and Northern Africa,34,6.379,,1.48953,0.84829,0.59267,0.37904,0.30008,0.15457,2.61482,
Taiwan,2016,Eastern Asia,34,6.379,,1.39729,0.92624,0.79565,0.32377,0.0663,0.25495,2.61523,
Qatar,2016,Middle East and Northern Africa,36,6.375,,1.82427,0.87964,0.71723,0.56679,0.48049,0.32388,1.58224,
Spain,2016,Western Europe,37,6.361,,1.34253,1.12945,0.87896,0.37545,0.06137,0.17665,2.39663,
Algeria,2016,Middle East and Northern Africa,38,6.355,,1.05266,0.83309,0.61804,0.21006,0.16157,0.07044,3.40904,
Guatemala,2016,Latin America and Caribbean,39,6.324,,0.83454,0.87119,0.54039,0.50379,0.08701,0.28808,3.19863,
Suriname,2016,Latin America and Caribbean,40,6.269,,1.09686,0.77866,0.50933,0.52234,0.12692,0.16665,3.06852,
Kuwait,2016,Middle East and Northern Africa,41,6.239,,1.61714,0.87758,0.63569,0.43166,0.23669,0.15965,2.28085,
Bahrain,2016,Middle East and Northern Africa,42,6.218,,1.44024,0.94397,0.65696,0.47375,0.25772,0.17147,2.27405,
Trinidad and Tobago,2016,Latin America and Caribbean,43,6.168,,1.32572,0.98569,0.52608,0.48453,0.01241,0.31935,2.51394,
Venezuela,2016,Latin America and Caribbean,44,6.084,,1.13367,1.03302,0.61904,0.19847,0.08304,0.0425,2.97468,
Slovakia,2016,Central and Eastern Europe,45,6.078,,1.27973,1.08268,0.70367,0.23391,0.02947,0.13837,2.61065,
El Salvador,2016,Latin America and Caribbean,46,6.068,,0.8737,0.80975,0.596,0.37269,0.10613,0.08877,3.22134,
Malaysia,2016,Southeastern Asia,47,6.005,,1.25142,0.88025,0.62366,0.39031,0.09081,0.41474,2.35384,
Nicaragua,2016,Latin America and Caribbean,48,5.992,,0.69384,0.89521,0.65213,0.46582,0.16292,0.29773,2.82428,
Uzbekistan,2016,Central and Eastern Europe,49,5.987,,0.73591,1.1681,0.50163,0.60848,0.28333,0.34326,2.34638,
Italy,2016,Western Europe,50,5.977,,1.35495,1.04167,0.85102,0.18827,0.02556,0.16684,2.34918,
Ecuador,2016,Latin America and Caribbean,51,5.976,,0.97306,0.85974,0.68613,0.4027,0.18037,0.10074,2.77366,
Belize,2016,Latin America and Caribbean,52,5.956,,0.87616,0.68655,0.45569,0.51231,0.10771,0.23684,3.08039,
Japan,2016,Eastern Asia,53,5.921,,1.38007,1.06054,0.91491,0.46761,0.18985,0.10224,1.80584,
Kazakhstan,2016,Central and Eastern Europe,54,5.919,,1.22943,0.95544,0.57386,0.4052,0.11132,0.15011,2.49325,
Moldova,2016,Central and Eastern Europe,55,5.897,,0.69177,0.83132,0.52309,0.25202,0.01903,0.19997,3.38007,
Russia,2016,Central and Eastern Europe,56,5.856,,1.23228,1.05261,0.58991,0.32682,0.03586,0.02736,2.59115,
Poland,2016,Central and Eastern Europe,57,5.835,,1.24585,1.04685,0.69058,0.4519,0.055,0.14443,2.20035,
South Korea,2016,Eastern Asia,57,5.835,,1.35948,0.72194,0.88645,0.25168,0.07716,0.18824,2.35015,
Bolivia,2016,Latin America and Caribbean,59,5.822,,0.79422,0.83779,0.4697,0.50961,0.07746,0.21698,2.91635,
Lithuania,2016,Central and Eastern Europe,60,5.813,,1.2692,1.06411,0.64674,0.18929,0.0182,0.02025,2.60525,
Belarus,2016,Central and Eastern Europe,61,5.802,,1.13062,1.04993,0.63104,0.29091,0.17457,0.13942,2.38582,
North Cyprus,2016,Western Europe,62,5.771,,1.31141,0.81826,0.84142,0.43596,0.16578,0.26322,1.93447,
Slovenia,2016,Central and Eastern Europe,63,5.768,,1.29947,1.05613,0.79151,0.53164,0.03635,0.25738,1.79522,
Peru,2016,Latin America and Caribbean,64,5.743,,0.99602,0.81255,0.62994,0.37502,0.05292,0.14527,2.73117,
Turkmenistan,2016,Central and Eastern Europe,65,5.658,,1.08017,1.03817,0.44006,0.37408,0.28467,0.22567,2.21489,
Mauritius,2016,Sub-Saharan Africa,66,5.648,,1.14372,0.75695,0.66189,0.46145,0.05203,0.36951,2.20223,
Libya,2016,Middle East and Northern Africa,67,5.615,,1.06688,0.95076,0.52304,0.40672,0.10339,0.17087,2.39374,
Latvia,2016,Central and Eastern Europe,68,5.56,,1.21788,0.95025,0.63952,0.27996,0.0889,0.17445,2.20859,
Cyprus,2016,Western Europe,69,5.546,,1.31857,0.70697,0.8488,0.29507,0.05228,0.27906,2.04497,
Paraguay,2016,Latin America and Caribbean,70,5.538,,0.89373,1.11111,0.58295,0.46235,0.07396,0.25296,2.16091,
Romania,2016,Central and Eastern Europe,71,5.528,,1.1697,0.72803,0.67602,0.36712,0.00679,0.12889,2.45184,
Estonia,2016,Central and Eastern Europe,72,5.517,,1.27964,1.05163,0.68098,0.41511,0.18519,0.08423,1.81985,
Jamaica,2016,Latin America and Caribbean,73,5.51,,0.89333,0.96372,0.59469,0.43597,0.04294,0.22245,2.35682,
Croatia,2016,Central and Eastern Europe,74,5.488,,1.18649,0.60809,0.70524,0.23907,0.04002,0.18434,2.52462,
Hong Kong,2016,Eastern Asia,75,5.458,,1.5107,0.87021,0.95277,0.48079,0.31647,0.40097,0.92614,
Somalia,2016,Sub-Saharan Africa,76,5.44,,0.0,0.33613,0.11466,0.56778,0.3118,0.27225,3.83772,
Kosovo,2016,Central and Eastern Europe,77,5.401,,0.90145,0.66062,0.54,0.14396,0.06547,0.27992,2.80998,
Turkey,2016,Middle East and Northern Africa,78,5.389,,1.16492,0.87717,0.64718,0.23889,0.12348,0.04707,2.29074,
Indonesia,2016,Southeastern Asia,79,5.314,,0.95104,0.87625,0.49374,0.39237,0.00322,0.56521,2.03171,
Jordan,2016,Middle East and Northern Africa,80,5.303,,0.99673,0.86216,0.60712,0.36023,0.13297,0.14262,2.20142,
Azerbaijan,2016,Central and Eastern Europe,81,5.291,,1.12373,0.76042,0.54504,0.35327,0.17914,0.0564,2.2735,
Philippines,2016,Southeastern Asia,82,5.279,,0.81217,0.87877,0.47036,0.54854,0.11757,0.21674,2.23484,
China,2016,Eastern Asia,83,5.245,,1.0278,0.79381,0.73561,0.44012,0.02745,0.04959,2.17087,
Bhutan,2016,Southern Asia,84,5.196,,0.8527,0.90836,0.49759,0.46074,0.1616,0.48546,1.82916,
Kyrgyzstan,2016,Central and Eastern Europe,85,5.185,,0.56044,0.95434,0.55449,0.40212,0.04762,0.38432,2.28136,
Serbia,2016,Central and Eastern Europe,86,5.177,,1.03437,0.81329,0.6458,0.15718,0.04339,0.20737,2.27539,
Bosnia and Herzegovina,2016,Central and Eastern Europe,87,5.163,,0.93383,0.64367,0.70766,0.09511,0.0,0.29889,2.48406,
Montenegro,2016,Central and Eastern Europe,88,5.161,,1.07838,0.74173,0.63533,0.15111,0.12721,0.17191,2.25531,
Dominican Republic,2016,Latin America and Caribbean,89,5.155,,1.02787,0.99496,0.57669,0.52259,0.12372,0.21286,1.69626,
Morocco,2016,Middle East and Northern Africa,90,5.151,,0.84058,0.38595,0.59471,0.25646,0.08404,0.04053,2.94891,
Hungary,2016,Central and Eastern Europe,91,5.145,,1.24142,0.93164,0.67608,0.1977,0.04472,0.099,1.95473,
Pakistan,2016,Southern Asia,92,5.132,,0.68816,0.26135,0.40306,0.14622,0.1388,0.31185,3.18286,
Lebanon,2016,Middle East and Northern Africa,93,5.129,,1.12268,0.64184,0.76171,0.26228,0.03061,0.23693,2.07339,
Portugal,2016,Western Europe,94,5.123,,1.27607,0.94367,0.79363,0.44727,0.01521,0.11691,1.53015,
Macedonia,2016,Central and Eastern Europe,95,5.121,,1.0193,0.78236,0.64738,0.27668,0.07047,0.23507,2.08947,
Vietnam,2016,Southeastern Asia,96,5.061,,0.74037,0.79117,0.66157,0.55954,0.11556,0.25075,1.9418,
Somaliland Region,2016,Sub-Saharan Africa,97,5.057,,0.25558,0.75862,0.33108,0.3913,0.36794,0.51479,2.43801,
Tunisia,2016,Middle East and Northern Africa,98,5.045,,0.97724,0.43165,0.59577,0.23553,0.0817,0.03936,2.68413,
Greece,2016,Western Europe,99,5.033,,1.24886,0.75473,0.80029,0.05822,0.04127,0.0,2.12944,
Tajikistan,2016,Central and Eastern Europe,100,4.996,,0.48835,0.75602,0.53119,0.43408,0.13509,0.25998,2.39106,
Mongolia,2016,Eastern Asia,101,4.907,,0.98853,1.08983,0.55469,0.35972,0.03285,0.34539,1.53586,
Laos,2016,Southeastern Asia,102,4.876,,0.68042,0.5497,0.38291,0.52168,0.22423,0.43079,2.08637,
Nigeria,2016,Sub-Saharan Africa,103,4.875,,0.75216,0.64498,0.05108,0.27854,0.0305,0.23219,2.88586,
Honduras,2016,Latin America and Caribbean,104,4.871,,0.69429,0.75596,0.58383,0.26755,0.06906,0.2044,2.29551,
Iran,2016,Middle East and Northern Africa,105,4.813,,1.11758,0.38857,0.64232,0.22544,0.0557,0.38538,1.99817,
Zambia,2016,Sub-Saharan Africa,106,4.795,,0.61202,0.6376,0.23573,0.42662,0.11479,0.17866,2.58991,
Nepal,2016,Southern Asia,107,4.793,,0.44626,0.69699,0.50073,0.37012,0.07008,0.3816,2.32694,
Palestinian Territories,2016,Middle East and Northern Africa,108,4.754,,0.67024,0.71629,0.56844,0.17744,0.10613,0.11154,2.40364,
Albania,2016,Central and Eastern Europe,109,4.655,,0.9553,0.50163,0.73007,0.31866,0.05301,0.1684,1.92816,
Bangladesh,2016,Southern Asia,110,4.643,,0.54177,0.24749,0.52989,0.39778,0.12583,0.19132,2.60904,
Sierra Leone,2016,Sub-Saharan Africa,111,4.635,,0.36485,0.628,0.0,0.30685,0.08196,0.23897,3.01402,
Iraq,2016,Middle East and Northern Africa,112,4.575,,1.07474,0.59205,0.51076,0.24856,0.13636,0.19589,1.81657,
Namibia,2016,Sub-Saharan Africa,113,4.574,,0.93287,0.70362,0.34745,0.48614,0.10398,0.07795,1.92198,
Cameroon,2016,Sub-Saharan Africa,114,4.513,,0.52497,0.62542,0.12698,0.42736,0.06126,0.2268,2.5198,
Ethiopia,2016,Sub-Saharan Africa,115,4.508,,0.29283,0.37932,0.34578,0.36703,0.1717,0.29522,2.65614,
South Africa,2016,Sub-Saharan Africa,116,4.459,,1.02416,0.96053,0.18611,0.42483,0.08415,0.13656,1.64227,
Sri Lanka,2016,Southern Asia,117,4.415,,0.97318,0.84783,0.62007,0.50817,0.07964,0.46978,0.91681,
India,2016,Southern Asia,118,4.404,,0.74036,0.29247,0.45091,0.40285,0.08722,0.25028,2.18032,
Myanmar,2016,Southeastern Asia,119,4.395,,0.34112,0.69981,0.3988,0.42692,0.20243,0.81971,1.50655,
Egypt,2016,Middle East and Northern Africa,120,4.362,,0.95395,0.49813,0.52116,0.18847,0.10393,0.12706,1.96895,
Armenia,2016,Central and Eastern Europe,121,4.36,,0.86086,0.62477,0.64083,0.14037,0.03616,0.07793,1.97864,
Kenya,2016,Sub-Saharan Africa,122,4.356,,0.52267,0.7624,0.30147,0.40576,0.06686,0.41328,1.88326,
Ukraine,2016,Central and Eastern Europe,123,4.324,,0.87287,1.01413,0.58628,0.12859,0.01829,0.20363,1.50066,
Ghana,2016,Sub-Saharan Africa,124,4.276,,0.63107,0.49353,0.29681,0.40973,0.0326,0.21203,2.2002,
Congo (Kinshasa),2016,Sub-Saharan Africa,125,4.272,,0.05661,0.80676,0.188,0.15602,0.06075,0.25458,2.74924,
Georgia,2016,Central and Eastern Europe,126,4.252,,0.83792,0.19249,0.64035,0.32461,0.3188,0.06786,1.87031,
Congo (Brazzaville),2016,Sub-Saharan Africa,127,4.236,,0.77109,0.47799,0.28212,0.37938,0.09753,0.12077,2.10681,
Senegal,2016,Sub-Saharan Africa,128,4.219,,0.44314,0.77416,0.40457,0.31056,0.11681,0.19103,1.97861,
Bulgaria,2016,Central and Eastern Europe,129,4.217,,1.11306,0.92542,0.67806,0.21219,0.00615,0.12793,1.15377,
Mauritania,2016,Sub-Saharan Africa,130,4.201,,0.61391,0.84142,0.28639,0.1268,0.17955,0.22686,1.9263,
Zimbabwe,2016,Sub-Saharan Africa,131,4.193,,0.35041,0.71478,0.1595,0.25429,0.08582,0.18503,2.4427,
Malawi,2016,Sub-Saharan Africa,132,4.156,,0.08709,0.147,0.29364,0.4143,0.07564,0.30968,2.82859,
Sudan,2016,Sub-Saharan Africa,133,4.139,,0.63069,0.81928,0.29759,0.0,0.10039,0.18077,2.10995,
Gabon,2016,Sub-Saharan Africa,134,4.121,,1.15851,0.72368,0.3494,0.28098,0.09314,0.06244,1.45332,
Mali,2016,Sub-Saharan Africa,135,4.073,,0.31292,0.86333,0.16347,0.27544,0.13647,0.21064,2.11087,
Haiti,2016,Latin America and Caribbean,136,4.028,,0.34097,0.29561,0.27494,0.12072,0.14476,0.47958,2.37116,
Botswana,2016,Sub-Saharan Africa,137,3.974,,1.09426,0.89186,0.34752,0.44089,0.10769,0.12425,0.96741,
Comoros,2016,Sub-Saharan Africa,138,3.956,,0.27509,0.60323,0.29981,0.15412,0.18437,0.1827,2.25632,
Ivory Coast,2016,Sub-Saharan Africa,139,3.916,,0.55507,0.57576,0.04476,0.40663,0.1553,0.20338,1.97478,
Cambodia,2016,Southeastern Asia,140,3.907,,0.55604,0.5375,0.42494,0.58852,0.08092,0.40339,1.31573,
Angola,2016,Sub-Saharan Africa,141,3.866,,0.84731,0.66366,0.04991,0.00589,0.08434,0.12071,2.09459,
Niger,2016,Sub-Saharan Africa,142,3.856,,0.1327,0.6053,0.26162,0.38041,0.17176,0.2097,2.09469,
South Sudan,2016,Sub-Saharan Africa,143,3.832,,0.39394,0.18519,0.15781,0.19662,0.13015,0.25899,2.50929,
Chad,2016,Sub-Saharan Africa,144,3.763,,0.42214,0.63178,0.03824,0.12807,0.04952,0.18667,2.30637,
Burkina Faso,2016,Sub-Saharan Africa,145,3.739,,0.31995,0.63054,0.21297,0.3337,0.12533,0.24353,1.87319,
Uganda,2016,Sub-Saharan Africa,145,3.739,,0.34719,0.90981,0.19625,0.43653,0.06442,0.27102,1.51416,
Yemen,2016,Middle East and Northern Africa,147,3.724,,0.57939,0.47493,0.31048,0.2287,0.05892,0.09821,1.97295,
Madagascar,2016,Sub-Saharan Africa,148,3.695,,0.27954,0.46115,0.37109,0.13684,0.07506,0.2204,2.15075,
Tanzania,2016,Sub-Saharan Africa,149,3.666,,0.47155,0.77623,0.357,0.3176,0.05099,0.31472,1.37769,
Liberia,2016,Sub-Saharan Africa,150,3.622,,0.10706,0.50353,0.23165,0.25748,0.04852,0.24063,2.23284,
Guinea,2016,Sub-Saharan Africa,151,3.607,,0.22415,0.3109,0.18829,0.30953,0.1192,0.29914,2.15604,
Rwanda,2016,Sub-Saharan Africa,152,3.515,,0.32846,0.61586,0.31865,0.5432,0.50521,0.23552,0.96819,
Benin,2016,Sub-Saharan Africa,153,3.484,,0.39499,0.10419,0.21028,0.39747,0.06681,0.2018,2.10812,
Afghanistan,2016,Southern Asia,154,3.36,,0.38227,0.11037,0.17344,0.1643,0.07112,0.31268,2.14558,
Togo,2016,Sub-Saharan Africa,155,3.303,,0.28123,0.0,0.24811,0.34678,0.11587,0.17517,2.1354,
Syria,2016,Middle East and Northern Africa,156,3.069,,0.74719,0.14866,0.62994,0.06912,0.17233,0.48397,0.81789,
Burundi,2016,Sub-Saharan Africa,157,2.905,,0.06831,0.23442,0.15747,0.0432,0.09419,0.2029,2.10404,
Norway,,,1,7.53700017929077,,1.61646318435669,1.53352355957031,0.796666502952576,0.635422587394714,0.315963834524155,0.36201223731041,2.27702665328979,
Denmark,,,2,7.52199983596802,,1.48238301277161,1.55112159252167,0.792565524578094,0.626006722450256,0.40077006816864,0.355280488729477,2.31370735168457,
Iceland,,,3,7.50400018692017,,1.480633020401,1.6105740070343,0.833552122116089,0.627162635326385,0.153526559472084,0.475540220737457,2.32271528244019,
Switzerland,,,4,7.49399995803833,,1.56497955322266,1.51691174507141,0.858131289482117,0.620070576667786,0.367007285356522,0.290549278259277,2.2767162322998,
Finland,,,5,7.4689998626709,,1.44357192516327,1.5402467250824,0.80915766954422,0.617950856685638,0.38261154294014,0.24548277258873,2.4301815032959,
Netherlands,,,6,7.3769998550415,,1.50394463539124,1.42893922328949,0.810696125030518,0.585384488105774,0.282661825418472,0.470489829778671,2.29480409622192,
Canada,,,7,7.31599998474121,,1.47920441627502,1.48134899139404,0.83455765247345,0.611100912094116,0.287371516227722,0.435539722442627,2.18726444244385,
New Zealand,,,8,7.31400012969971,,1.40570604801178,1.54819512367249,0.816759705543518,0.614062130451202,0.382816702127457,0.500005125999451,2.0464563369751,
Sweden,,,9,7.28399991989136,,1.49438726902008,1.47816216945648,0.830875158309937,0.612924098968506,0.384398728609085,0.385399252176285,2.09753799438477,
Australia,,,10,7.28399991989136,,1.484414935112,1.51004195213318,0.84388679265976,0.601607382297516,0.301183730363846,0.477699249982834,2.06521081924438,
Israel,,,11,7.21299982070923,,1.37538242340088,1.37628996372223,0.83840399980545,0.405988603830338,0.0852421000599861,0.330082654953003,2.80175733566284,
Costa Rica,,,12,7.0789999961853,,1.10970628261566,1.41640365123749,0.759509265422821,0.580131649971008,0.100106589496136,0.214613229036331,2.89863920211792,
Austria,,,13,7.00600004196167,,1.48709726333618,1.4599449634552,0.815328419208527,0.567766189575195,0.221060365438461,0.316472321748734,2.1385064125061,
United States,,,14,6.99300003051758,,1.54625928401947,1.41992056369781,0.77428662776947,0.505740523338318,0.135638788342476,0.392578780651093,2.2181134223938,
Ireland,,,15,6.97700023651123,,1.53570663928986,1.55823111534119,0.80978262424469,0.573110342025757,0.29838815331459,0.42785832285881,1.77386903762817,
Germany,,,16,6.95100021362305,,1.48792338371277,1.47252035140991,0.798950731754303,0.562511384487152,0.276731938123703,0.336269170045853,2.01576995849609,
Belgium,,,17,6.89099979400635,,1.46378076076508,1.46231269836426,0.818091869354248,0.539770722389221,0.251343131065369,0.231503337621689,2.12421035766602,
Luxembourg,,,18,6.86299991607666,,1.74194359779358,1.45758366584778,0.845089495182037,0.59662789106369,0.31883442401886,0.283180981874466,1.61951208114624,
United Kingdom,,,19,6.71400022506714,,1.44163393974304,1.49646008014679,0.805335938930511,0.508190035820007,0.265428066253662,0.492774158716202,1.70414352416992,
Chile,,,20,6.65199995040894,,1.25278460979462,1.28402495384216,0.819479703903198,0.376895278692245,0.0822879821062088,0.326662421226501,2.50958585739136,
United Arab Emirates,,,21,6.64799976348877,,1.62634336948395,1.26641023159027,0.726798236370087,0.60834527015686,0.324489563703537,0.3609419465065,1.734703540802,
Brazil,,,22,6.63500022888184,,1.10735321044922,1.43130600452423,0.616552352905273,0.437453746795654,0.111092761158943,0.16234989464283,2.76926708221436,
Czech Republic,,,23,6.60900020599365,,1.35268235206604,1.43388521671295,0.754444003105164,0.490946173667908,0.0368729270994663,0.0881067588925362,2.45186185836792,
Argentina,,,24,6.59899997711182,,1.18529546260834,1.44045114517212,0.695137083530426,0.494519203901291,0.059739887714386,0.109457060694695,2.61400532722473,
Mexico,,,25,6.57800006866455,,1.15318381786346,1.210862159729,0.709978997707367,0.412730008363724,0.132774114608765,0.120990432798862,2.83715486526489,
Singapore,,,26,6.57200002670288,,1.69227766990662,1.35381436347961,0.949492394924164,0.549840569496155,0.46430778503418,0.345965981483459,1.21636199951172,
Malta,,,27,6.52699995040894,,1.34327983856201,1.48841166496277,0.821944236755371,0.588767051696777,0.153066068887711,0.574730575084686,1.55686283111572,
Uruguay,,,28,6.4539999961853,,1.21755969524384,1.41222786903381,0.719216823577881,0.57939225435257,0.178061872720718,0.175096929073334,2.17240953445435,
Guatemala,,,29,6.4539999961853,,0.872001945972443,1.25558519363403,0.540239989757538,0.531310617923737,0.0772232785820961,0.283488392829895,2.89389109611511,
Panama,,,30,6.4520001411438,,1.23374843597412,1.37319254875183,0.706156134605408,0.550026834011078,0.070983923971653,0.21055693924427,2.30719995498657,
France,,,31,6.44199991226196,,1.43092346191406,1.38777685165405,0.844465851783752,0.470222115516663,0.172502428293228,0.129762306809425,2.00595474243164,
Thailand,,,32,6.42399978637695,,1.12786877155304,1.42579245567322,0.647239029407501,0.580200731754303,0.0316127352416515,0.572123110294342,2.03950834274292,
Taiwan Province of China,,,33,6.42199993133545,,1.43362653255463,1.38456535339355,0.793984234333038,0.361466586589813,0.0638292357325554,0.258360475301743,2.1266074180603,
Spain,,,34,6.40299987792969,,1.38439786434174,1.53209090232849,0.888960599899292,0.408781230449677,0.0709140971302986,0.190133571624756,1.92775774002075,
Qatar,,,35,6.375,,1.87076568603516,1.27429687976837,0.710098087787628,0.604130983352661,0.439299255609512,0.330473870038986,1.1454644203186,
Colombia,,,36,6.35699987411499,,1.07062232494354,1.4021829366684,0.595027923583984,0.477487415075302,0.0466687418520451,0.149014472961426,2.61606812477112,
Saudi Arabia,,,37,6.3439998626709,,1.53062355518341,1.28667759895325,0.590148329734802,0.449750572443008,0.27343225479126,0.147616013884544,2.0654296875,
Trinidad and Tobago,,,38,6.16800022125244,,1.36135590076447,1.3802285194397,0.519983291625977,0.518630743026733,0.0089648161083459,0.325296461582184,2.05324745178223,
Kuwait,,,39,6.10500001907349,,1.63295245170593,1.25969874858856,0.632105708122253,0.496337592601776,0.215159550309181,0.228289797902107,1.64042520523071,
Slovakia,,,40,6.09800004959106,,1.32539355754852,1.50505924224854,0.712732911109924,0.295817464590073,0.0242108516395092,0.136544480919838,2.09777665138245,
Bahrain,,,41,6.08699989318848,,1.48841226100922,1.32311046123505,0.653133034706116,0.536746919155121,0.257042169570923,0.172668486833572,1.65614938735962,
Malaysia,,,42,6.08400011062622,,1.29121541976929,1.28464603424072,0.618784427642822,0.402264982461929,0.0656007081270218,0.416608929634094,2.00444889068604,
Nicaragua,,,43,6.07100009918213,,0.737299203872681,1.28721570968628,0.653095960617065,0.447551846504211,0.130687981843948,0.301674216985703,2.51393055915833,
Ecuador,,,44,6.00799989700317,,1.00082039833069,1.28616881370544,0.685636222362518,0.4551981985569,0.140134647488594,0.150112465023994,2.29035258293152,
El Salvador,,,45,6.00299978256226,,0.909784495830536,1.18212509155273,0.596018552780151,0.432452529668808,0.0899809598922729,0.0782579854130745,2.7145938873291,
Poland,,,46,5.97300004959106,,1.29178786277771,1.44571197032928,0.699475347995758,0.520342111587524,0.0593078061938286,0.158465966582298,1.79772281646729,
Uzbekistan,,,47,5.97100019454956,,0.786441087722778,1.54896914958954,0.498272627592087,0.658248662948608,0.246528223156929,0.415983647108078,1.81691360473633,
Italy,,,48,5.96400022506714,,1.39506661891937,1.44492328166962,0.853144347667694,0.256450712680817,0.0280280914157629,0.17278964817524,1.81331205368042,
Russia,,,49,5.96299982070923,,1.28177809715271,1.46928238868713,0.547349333763123,0.373783111572266,0.0329628810286522,0.0522638224065304,2.20560741424561,
Belize,,,50,5.95599985122681,,0.907975316047668,1.08141779899597,0.450191766023636,0.547509372234344,0.0965810716152191,0.240015640854836,2.63195562362671,
Japan,,,51,5.92000007629395,,1.41691517829895,1.43633782863617,0.913475871086121,0.505625545978546,0.163760736584663,0.12057276815176,1.36322355270386,
Lithuania,,,52,5.90199995040894,,1.31458234786987,1.47351610660553,0.62894994020462,0.234231784939766,0.0118656428530812,0.010164656676352,2.22844052314758,
Algeria,,,53,5.87200021743774,,1.09186446666718,1.1462174654007,0.617584645748138,0.233335807919502,0.146096110343933,0.0694366469979286,2.56760382652283,
Latvia,,,54,5.84999990463257,,1.26074862480164,1.40471494197845,0.638566970825195,0.325707912445068,0.0738427266478539,0.153074786067009,1.99365520477295,
South Korea,,,55,5.83799982070923,,1.40167844295502,1.12827444076538,0.900214076042175,0.257921665906906,0.0632826685905457,0.206674367189407,1.88037800788879,
Moldova,,,56,5.83799982070923,,0.728870630264282,1.25182557106018,0.589465200901031,0.240729048848152,0.0100912861526012,0.208779126405716,2.80780839920044,
Romania,,,57,5.82499980926514,,1.21768391132355,1.15009129047394,0.685158312320709,0.457003742456436,0.00438790069893,0.133519917726517,2.17683148384094,
Bolivia,,,58,5.82299995422363,,0.833756566047668,1.22761905193329,0.473630249500275,0.558732926845551,0.0604777261614799,0.22556072473526,2.44327902793884,
Turkmenistan,,,59,5.82200002670288,,1.13077676296234,1.49314916133881,0.437726080417633,0.41827192902565,0.259270340204239,0.24992498755455,1.83290982246399,
Kazakhstan,,,60,5.81899976730347,,1.28455626964569,1.38436901569366,0.606041550636292,0.437454283237457,0.119282886385918,0.201964423060417,1.78489255905151,
North Cyprus,,,61,5.80999994277954,,1.3469113111496,1.18630337715149,0.834647238254547,0.471203625202179,0.155353352427483,0.266845703125,1.54915761947632,
Slovenia,,,62,5.75799989700317,,1.3412059545517,1.45251882076263,0.790828227996826,0.572575807571411,0.0451289787888527,0.242649093270302,1.31331729888916,
Peru,,,63,5.71500015258789,,1.03522527217865,1.21877038478851,0.630166113376617,0.450002878904343,0.0470490865409374,0.126819714903831,2.20726943016052,
Mauritius,,,64,5.62900018692017,,1.18939554691315,1.20956099033356,0.638007462024689,0.491247326135635,0.0421815551817417,0.360933750867844,1.6975839138031,
Cyprus,,,65,5.62099981307983,,1.35593807697296,1.13136327266693,0.84471470117569,0.355111539363861,0.0412379764020443,0.271254301071167,1.62124919891357,
Estonia,,,66,5.61100006103516,,1.32087934017181,1.47667109966278,0.695168316364288,0.479131430387497,0.183248922228813,0.0988908112049103,1.35750865936279,
Belarus,,,67,5.56899976730347,,1.15655755996704,1.44494521617889,0.637714266777039,0.295400261878967,0.156313821673393,0.15513750910759,1.72323298454285,
Libya,,,68,5.52500009536743,,1.10180306434631,1.35756433010101,0.520169019699097,0.465733230113983,0.0926102101802826,0.152073666453362,1.83501124382019,
Turkey,,,69,5.5,,1.19827437400818,1.33775317668915,0.637605607509613,0.300740599632263,0.0996715798974037,0.0466930419206619,1.87927794456482,
Paraguay,,,70,5.49300003051758,,0.932537317276001,1.50728487968445,0.579250693321228,0.473507791757584,0.091065913438797,0.224150657653809,1.6853334903717,
"Hong Kong S.A.R., China",,,71,5.47200012207031,,1.55167484283447,1.26279091835022,0.943062424659729,0.490968644618988,0.293933749198914,0.374465793371201,0.554633140563965,
Philippines,,,72,5.42999982833862,,0.85769921541214,1.25391757488251,0.468009054660797,0.585214674472809,0.0993318930268288,0.193513423204422,1.97260475158691,
Serbia,,,73,5.39499998092651,,1.06931757926941,1.25818979740143,0.65078467130661,0.208715528249741,0.0409037806093693,0.220125883817673,1.94708442687988,
Jordan,,,74,5.33599996566772,,0.991012394428253,1.23908889293671,0.604590058326721,0.418421149253845,0.11980327218771,0.172170460224152,1.79117655754089,
Hungary,,,75,5.32399988174438,,1.2860119342804,1.34313309192657,0.687763452529907,0.175863519310951,0.0366369374096394,0.0784016624093056,1.71645927429199,
Jamaica,,,76,5.31099987030029,,0.925579309463501,1.36821806430817,0.641022384166718,0.474307239055634,0.0552677810192108,0.233818337321281,1.61232566833496,
Croatia,,,77,5.29300022125244,,1.22255623340607,0.96798300743103,0.701288521289825,0.255772292613983,0.0431031100451946,0.248002976179123,1.85449242591858,
Kosovo,,,78,5.27899980545044,,0.951484382152557,1.13785350322723,0.541452050209045,0.260287940502167,0.0574716180562973,0.319931447505951,2.01054072380066,
China,,,79,5.27299976348877,,1.08116579055786,1.16083741188049,0.741415500640869,0.472787708044052,0.0227942746132612,0.0288068410009146,1.76493859291077,
Pakistan,,,80,5.26900005340576,,0.72688353061676,0.672690689563751,0.402047783136368,0.23521526157856,0.124348066747189,0.315446019172668,2.79248929023743,
Indonesia,,,81,5.26200008392334,,0.995538592338562,1.27444469928741,0.492345720529556,0.443323463201523,0.0153171354904771,0.611704587936401,1.42947697639465,
Venezuela,,,82,5.25,,1.12843120098114,1.43133759498596,0.617144227027893,0.153997123241425,0.0644911229610443,0.0650196298956871,1.78946375846863,
Montenegro,,,83,5.23699998855591,,1.12112903594971,1.23837649822235,0.667464673519135,0.194989055395126,0.0881741940975189,0.197911024093628,1.72919154167175,
Morocco,,,84,5.2350001335144,,0.878114581108093,0.774864435195923,0.59771066904068,0.408158332109451,0.0877631828188896,0.0322099551558495,2.45618939399719,
Azerbaijan,,,85,5.23400020599365,,1.15360176563263,1.15240025520325,0.540775775909424,0.398155838251114,0.180987507104874,0.0452693402767181,1.76248168945312,
Dominican Republic,,,86,5.23000001907349,,1.07937383651733,1.40241670608521,0.574873745441437,0.55258983373642,0.113945253193378,0.186967849731445,1.31946516036987,
Greece,,,87,5.22700023651123,,1.28948748111725,1.23941457271576,0.810198903083801,0.0957312509417534,0.04328977689147,0.0,1.74922156333923,
Lebanon,,,88,5.22499990463257,,1.07498753070831,1.12962424755096,0.735081076622009,0.288515985012054,0.037513829767704,0.264450758695602,1.69507384300232,
Portugal,,,89,5.19500017166138,,1.3151752948761,1.36704301834106,0.795843541622162,0.498465299606323,0.0158694516867399,0.0951027125120163,1.10768270492554,
Bosnia and Herzegovina,,,90,5.18200016021729,,0.982409417629242,1.0693359375,0.705186307430267,0.204403176903725,0.0,0.328867495059967,1.89217257499695,
Honduras,,,91,5.18100023269653,,0.730573117733002,1.14394497871399,0.582569479942322,0.348079860210419,0.0733454525470734,0.236188873648643,2.06581115722656,
Macedonia,,,92,5.17500019073486,,1.06457793712616,1.20789301395416,0.644948184490204,0.325905978679657,0.0602777935564518,0.25376096367836,1.6174693107605,
Somalia,,,93,5.15100002288818,,0.0226431842893362,0.721151351928711,0.113989137113094,0.602126955986023,0.282410323619843,0.291631311178207,3.11748456954956,
Vietnam,,,94,5.07399988174438,,0.788547575473785,1.27749133110046,0.652168989181519,0.571055591106415,0.0876332372426987,0.234968051314354,1.46231865882874,
Nigeria,,,95,5.07399988174438,,0.783756256103516,1.21577048301697,0.0569157302379608,0.394952565431595,0.0261215660721064,0.230947196483612,2.36539053916931,
Tajikistan,,,96,5.04099988937378,,0.524713635444641,1.27146327495575,0.529235124588013,0.471566706895828,0.146377146244049,0.248997643589973,1.84904932975769,
Bhutan,,,97,5.01100015640259,,0.885416388511658,1.34012651443481,0.495879292488098,0.501537680625916,0.173380389809608,0.474054545164108,1.14018440246582,
Kyrgyzstan,,,98,5.00400018692017,,0.596220076084137,1.39423859119415,0.553457796573639,0.454943388700485,0.0394391790032387,0.42858037352562,1.53672313690186,
Nepal,,,99,4.96199989318848,,0.479820191860199,1.17928326129913,0.504130780696869,0.440305948257446,0.0729755461215973,0.394096165895462,1.8912410736084,
Mongolia,,,100,4.95499992370605,,1.02723586559296,1.4930112361908,0.557783484458923,0.394143968820572,0.0329022891819477,0.338464230298996,1.11129236221313,
South Africa,,,101,4.8289999961853,,1.05469870567322,1.38478863239288,0.187080070376396,0.479246735572815,0.0725094974040985,0.139362379908562,1.51090860366821,
Tunisia,,,102,4.80499982833862,,1.00726580619812,0.868351459503174,0.613212049007416,0.289680689573288,0.0867231488227844,0.0496933571994305,1.89025115966797,
Palestinian Territories,,,103,4.77500009536743,,0.716249227523804,1.15564715862274,0.565666973590851,0.25471106171608,0.0892826020717621,0.114173173904419,1.8788902759552,
Egypt,,,104,4.7350001335144,,0.989701807498932,0.997471392154694,0.520187258720398,0.282110154628754,0.114381365478039,0.128631442785263,1.70216107368469,
Bulgaria,,,105,4.71400022506714,,1.1614590883255,1.43437945842743,0.708217680454254,0.289231717586517,0.0110515309497714,0.113177694380283,0.996139287948608,
Sierra Leone,,,106,4.70900011062622,,0.36842092871666,0.984136044979095,0.0055647538974881,0.318697690963745,0.0710951760411263,0.293040901422501,2.66845989227295,
Cameroon,,,107,4.69500017166138,,0.564305365085602,0.946018218994141,0.132892116904259,0.430388748645782,0.0513066314160824,0.236298456788063,2.3336455821991,
Iran,,,108,4.69199991226196,,1.15687310695648,0.711551249027252,0.639333188533783,0.249322608113289,0.048761073499918,0.387242913246155,1.49873495101929,
Albania,,,109,4.64400005340576,,0.996192753314972,0.803685247898102,0.731159746646881,0.381498634815216,0.0398642159998417,0.201312944293022,1.49044156074524,
Bangladesh,,,110,4.60799980163574,,0.586682975292206,0.735131740570068,0.533241033554077,0.478356659412384,0.123717859387398,0.172255352139473,1.97873616218567,
Namibia,,,111,4.57399988174438,,0.964434325695038,1.0984708070755,0.33861181139946,0.520303547382355,0.0931469723582268,0.0771337449550629,1.4818902015686,
Kenya,,,112,4.55299997329712,,0.560479462146759,1.06795072555542,0.309988349676132,0.452763766050339,0.0646413192152977,0.444860309362411,1.6519021987915,
Mozambique,,,113,4.55000019073486,,0.234305649995804,0.870701014995575,0.106654435396194,0.480791091918945,0.179436385631561,0.322228103876114,2.35565090179443,
Myanmar,,,114,4.54500007629395,,0.367110550403595,1.12323594093323,0.397522568702698,0.514492034912109,0.188816204667091,0.838075160980225,1.11529040336609,
Senegal,,,115,4.53499984741211,,0.479309022426605,1.17969191074371,0.409362852573395,0.377922266721725,0.115460447967052,0.183468893170357,1.78964614868164,
Zambia,,,116,4.51399993896484,,0.636406779289246,1.00318729877472,0.257835894823074,0.461603492498398,0.0782135501503944,0.249580144882202,1.82670545578003,
Iraq,,,117,4.49700021743774,,1.10271048545837,0.978613197803497,0.501180469989777,0.288555532693863,0.107215754687786,0.19963726401329,1.31890726089478,
Gabon,,,118,4.46500015258789,,1.1982102394104,1.1556202173233,0.356578588485718,0.312328577041626,0.0760467872023582,0.0437853783369064,1.32291626930237,
Ethiopia,,,119,4.46000003814697,,0.339233845472336,0.86466920375824,0.353409707546234,0.408842742443085,0.165455713868141,0.312650740146637,2.01574373245239,
Sri Lanka,,,120,4.44000005722046,,1.00985014438629,1.25997638702393,0.625130832195282,0.561213254928589,0.0736539661884308,0.490863561630249,0.419389247894287,
Armenia,,,121,4.37599992752075,,0.900596737861633,1.00748372077942,0.637524425983429,0.198303267359734,0.0266744215041399,0.0834880918264389,1.5214991569519,
India,,,122,4.31500005722046,,0.792221248149872,0.754372596740723,0.455427616834641,0.469987004995346,0.0922268852591515,0.231538489460945,1.5191171169281,
Mauritania,,,123,4.29199981689453,,0.648457288742065,1.2720308303833,0.285349279642105,0.0960980430245399,0.136957004666328,0.201870024204254,1.65163731575012,
Congo (Brazzaville),,,124,4.29099988937378,,0.808964252471924,0.832044363021851,0.28995743393898,0.435025870800018,0.0796181336045265,0.120852127671242,1.72413563728333,
Georgia,,,125,4.28599977493286,,0.950612664222717,0.57061493396759,0.649546980857849,0.309410035610199,0.251666635274887,0.0540088154375553,1.50013780593872,
Congo (Kinshasa),,,126,4.28000020980835,,0.0921023488044739,1.22902345657349,0.191407024860382,0.235961347818375,0.0602413564920425,0.246455833315849,2.22495865821838,
Mali,,,127,4.19000005722046,,0.476180493831635,1.28147339820862,0.169365674257278,0.306613743305206,0.104970246553421,0.183354198932648,1.66819095611572,
Ivory Coast,,,128,4.17999982833862,,0.603048920631409,0.904780030250549,0.0486421696841717,0.447706192731857,0.130061775445938,0.201237469911575,1.84496426582336,
Cambodia,,,129,4.16800022125244,,0.601765096187592,1.00623834133148,0.429783403873444,0.633375823497772,0.0681059509515762,0.385922968387604,1.04294109344482,
Sudan,,,130,4.13899993896484,,0.65951669216156,1.21400856971741,0.290920823812485,0.0149958552792668,0.089847519993782,0.182317450642586,1.68706583976746,
Ghana,,,131,4.11999988555908,,0.667224824428558,0.873664736747742,0.295637726783752,0.423026293516159,0.0253363698720932,0.256923943758011,1.57786750793457,
Ukraine,,,132,4.09600019454956,,0.89465194940567,1.39453756809235,0.575903952121735,0.122974775731564,0.0230294708162546,0.270061463117599,0.814382314682007,
Uganda,,,133,4.08099985122681,,0.381430715322495,1.12982773780823,0.217632606625557,0.443185955286026,0.057069718837738,0.325766056776047,1.526362657547,
Burkina Faso,,,134,4.03200006484985,,0.3502277135849,1.04328000545502,0.215844258666039,0.324367851018906,0.120328105986118,0.250864684581757,1.72721290588379,
Niger,,,135,4.02799987792969,,0.161925330758095,0.993025004863739,0.26850500702858,0.36365869641304,0.138572946190834,0.228673845529556,1.87398338317871,
Malawi,,,136,3.97000002861023,,0.233442038297653,0.512568831443787,0.315089583396912,0.466914653778076,0.0727116540074348,0.287170469760895,2.08178615570068,
Chad,,,137,3.93600010871887,,0.438012987375259,0.953855872154236,0.0411347150802612,0.16234202682972,0.0535818822681904,0.216113850474358,2.07123804092407,
Zimbabwe,,,138,3.875,,0.375846534967422,1.08309590816498,0.196763753890991,0.336384207010269,0.0953753814101219,0.189143493771553,1.59797024726868,
Lesotho,,,139,3.80800008773804,,0.521021246910095,1.19009518623352,0.0,0.390661299228668,0.119094640016556,0.157497271895409,1.42983531951904,
Angola,,,140,3.79500007629395,,0.858428180217743,1.10441195964813,0.0498686656355858,0.0,0.0697203353047371,0.097926490008831,1.61448240280151,
Afghanistan,,,141,3.79399991035461,,0.401477217674255,0.581543326377869,0.180746778845787,0.106179520487785,0.0611578300595284,0.311870932579041,2.15080118179321,
Botswana,,,142,3.76600003242493,,1.12209415435791,1.22155499458313,0.341755509376526,0.505196332931519,0.0985831990838051,0.0993484482169151,0.3779137134552,
Benin,,,143,3.65700006484985,,0.431085407733917,0.435299843549728,0.209930211305618,0.425962775945663,0.0609290152788162,0.207948461174965,1.88563096523285,
Madagascar,,,144,3.64400005340576,,0.305808693170547,0.913020372390747,0.375223308801651,0.189196765422821,0.0672319754958153,0.208732530474663,1.58461260795593,
Haiti,,,145,3.6029999256134,,0.368610262870789,0.640449821949005,0.277321130037308,0.0303698573261499,0.0998721495270729,0.489203780889511,1.69716763496399,
Yemen,,,146,3.59299993515015,,0.591683447360992,0.93538224697113,0.310080915689468,0.249463722109795,0.0567674227058887,0.104125209152699,1.34560060501099,
South Sudan,,,147,3.59100008010864,,0.39724862575531,0.601323127746582,0.163486003875732,0.147062435746193,0.116793513298035,0.285670816898346,1.87956738471985,
Liberia,,,148,3.53299999237061,,0.119041793048382,0.872117936611176,0.229918196797371,0.332881182432175,0.0389482490718365,0.26654988527298,1.67328596115112,
Guinea,,,149,3.50699996948242,,0.244549930095673,0.791244685649872,0.194129139184952,0.348587512969971,0.110937617719173,0.264815092086792,1.55231189727783,
Togo,,,150,3.49499988555908,,0.305444717407227,0.431882530450821,0.247105568647385,0.38042613863945,0.0956650152802467,0.196896150708199,1.83722925186157,
Rwanda,,,151,3.47099995613098,,0.368745893239975,0.945707023143768,0.326424807310104,0.581843852996826,0.455220013856888,0.252756029367447,0.540061235427856,
Syria,,,152,3.46199989318848,,0.777153134346008,0.396102607250214,0.50053334236145,0.0815394446253777,0.151347130537033,0.493663728237152,1.06157350540161,
Tanzania,,,153,3.34899997711182,,0.511135876178741,1.04198980331421,0.364509284496307,0.390017777681351,0.0660351067781448,0.354256361722946,0.621130466461182,
Burundi,,,154,2.90499997138977,,0.091622568666935,0.629793584346771,0.151610791683197,0.0599007532000542,0.0841479450464249,0.204435184597969,1.68302416801453,
Central African Republic,,,155,2.69300007820129,,0.0,0.0,0.0187726859003305,0.270842045545578,0.0565650761127472,0.280876487493515,2.06600475311279,
Finland,2018,,1,7.632,,1.305,,0.874,0.681,0.393,0.202,,1.592
Norway,2018,,2,7.594,,1.456,,0.861,0.686,0.34,0.286,,1.582
Denmark,2018,,3,7.555,,1.351,,0.868,0.683,0.408,0.284,,1.59
Iceland,2018,,4,7.495,,1.343,,0.914,0.677,0.138,0.353,,1.644
Switzerland,2018,,5,7.487,,1.42,,0.927,0.66,0.357,0.256,,1.549
Netherlands,2018,,6,7.441,,1.361,,0.878,0.638,0.295,0.333,,1.488
Canada,2018,,7,7.328,,1.33,,0.896,0.653,0.291,0.321,,1.532
New Zealand,2018,,8,7.324,,1.268,,0.876,0.669,0.389,0.365,,1.601
Sweden,2018,,9,7.314,,1.355,,0.913,0.659,0.383,0.285,,1.501
Australia,2018,,10,7.272,,1.34,,0.91,0.647,0.302,0.361,,1.573
United Kingdom,2018,,11,7.19,,1.244,,0.888,0.464,0.082,0.262,,1.433
Austria,2018,,12,7.139,,1.341,,0.891,0.617,0.224,0.242,,1.504
Costa Rica,2018,,13,7.072,,1.01,,0.817,0.632,0.101,0.143,,1.459
Ireland,2018,,14,6.977,,1.448,,0.876,0.614,0.306,0.307,,1.583
Germany,2018,,15,6.965,,1.34,,0.861,0.586,0.28,0.273,,1.474
Belgium,2018,,16,6.927,,1.324,,0.894,0.583,0.24,0.188,,1.483
Luxembourg,2018,,17,6.91,,1.576,,0.896,0.632,0.321,0.196,,1.52
United States,2018,,18,6.886,,1.398,,0.819,0.547,0.133,0.291,,1.471
Israel,2018,,19,6.814,,1.301,,0.883,0.533,0.272,0.354,,1.559
United Arab Emirates,2018,,20,6.774,,2.096,,0.67,0.284,,0.186,,0.776
Czech Republic,2018,,21,6.711,,1.233,,0.854,0.543,0.034,0.064,,1.489
Malta,2018,,22,6.627,,1.27,,0.884,0.645,0.142,0.376,,1.525
France,2018,,23,6.489,,1.293,,0.908,0.52,0.176,0.098,,1.466
Mexico,2018,,24,6.488,,1.038,,0.761,0.479,0.095,0.069,,1.252
Chile,2018,,25,6.476,,1.131,,0.808,0.431,0.061,0.197,,1.331
Taiwan,2018,,26,6.441,,1.365,,0.857,0.418,0.078,0.151,,1.436
Panama,2018,,27,6.43,,1.112,,0.759,0.597,0.063,0.125,,1.438
Brazil,2018,,28,6.419,,0.986,,0.675,0.493,0.088,0.11,,1.474
Argentina,2018,,29,6.388,,1.073,,0.744,0.57,0.054,0.062,,1.468
Guatemala,2018,,30,6.382,,0.781,,0.608,0.604,0.071,0.179,,1.268
Uruguay,2018,,31,6.379,,1.093,,0.771,0.625,0.155,0.13,,1.459
Qatar,2018,,32,6.374,,1.649,,0.748,0.654,0.171,0.256,,1.303
Saudi Arabia,2018,,33,6.371,,1.379,,0.633,0.509,0.127,0.098,,1.331
Singapore,2018,,34,6.343,,1.529,,1.008,0.631,0.457,0.261,,1.451
Malaysia,2018,,35,6.322,,1.161,,0.669,0.356,0.059,0.311,,1.258
Spain,2018,,36,6.31,,1.251,,0.965,0.449,0.074,0.142,,1.538
Colombia,2018,,37,6.26,,0.96,,0.635,0.531,0.039,0.099,,1.439
Trinidad & Tobago,2018,,38,6.192,,1.223,,0.564,0.575,0.019,0.171,,1.492
Slovakia,2018,,39,6.173,,1.21,,0.776,0.354,0.014,0.118,,1.537
El Salvador,2018,,40,6.167,,0.806,,0.639,0.461,0.082,0.065,,1.231
Nicaragua,2018,,41,6.141,,0.668,,0.7,0.527,0.128,0.208,,1.319
Poland,2018,,42,6.123,,1.176,,0.781,0.546,0.064,0.108,,1.448
Bahrain,2018,,43,6.105,,1.338,,0.698,0.594,0.123,0.243,,1.366
Uzbekistan,2018,,44,6.096,,0.719,,0.605,0.724,0.259,0.328,,1.584
Kuwait,2018,,45,6.083,,1.474,,0.675,0.554,0.106,0.167,,1.301
Thailand,2018,,46,6.072,,1.016,,0.707,0.637,0.029,0.364,,1.417
Italy,2018,,47,6.0,,1.264,,0.946,0.281,0.028,0.137,,1.501
Ecuador,2018,,48,5.973,,0.889,,0.736,0.556,0.12,0.114,,1.33
Belize,2018,,49,5.956,,0.807,,0.474,0.593,0.089,0.183,,1.101
Lithuania,2018,,50,5.952,,1.197,,0.716,0.35,0.006,0.026,,1.527
Slovenia,2018,,51,5.948,,1.219,,0.856,0.633,0.051,0.16,,1.506
Romania,2018,,52,5.945,,1.116,,0.726,0.528,0.001,0.088,,1.219
Latvia,2018,,53,5.933,,1.148,,0.671,0.363,0.066,0.092,,1.454
Japan,2018,,54,5.915,,1.294,,0.988,0.553,0.15,0.079,,1.462
Mauritius,2018,,55,5.891,,1.09,,0.684,0.584,0.05,0.245,,1.387
Jamaica,2018,,56,5.89,,0.819,,0.693,0.575,0.031,0.096,,1.493
South Korea,2018,,57,5.875,,1.266,,0.955,0.244,0.051,0.175,,1.204
Northern Cyprus,2018,,58,5.835,,1.229,,0.909,0.495,0.154,0.179,,1.211
Russia,2018,,59,5.81,,1.151,,0.599,0.399,0.025,0.065,,1.479
Kazakhstan,2018,,60,5.79,,1.143,,0.631,0.454,0.121,0.148,,1.516
Cyprus,2018,,61,5.762,,1.229,,0.909,0.423,0.035,0.202,,1.191
Bolivia,2018,,62,5.752,,0.751,,0.508,0.606,0.054,0.141,,1.223
Estonia,2018,,63,5.739,,1.2,,0.737,0.553,0.174,0.086,,1.532
Paraguay,2018,,64,5.681,,0.835,,0.615,0.541,0.074,0.162,,1.522
Peru,2018,,65,5.663,,0.934,,0.674,0.53,0.034,0.092,,1.249
Kosovo,2018,,66,5.662,,0.855,,0.578,0.448,0.023,0.274,,1.23
Moldova,2018,,67,5.64,,0.657,,0.62,0.232,0.0,0.171,,1.301
Turkmenistan,2018,,68,5.636,,1.016,,0.517,0.417,0.037,0.199,,1.533
Hungary,2018,,69,5.62,,1.171,,0.732,0.259,0.022,0.061,,1.401
Libya,2018,,70,5.566,,0.985,,0.553,0.496,0.148,0.116,,1.35
Philippines,2018,,71,5.524,,0.775,,0.513,0.643,0.105,0.12,,1.312
Honduras,2018,,72,5.504,,0.62,,0.622,0.459,0.074,0.197,,1.205
Belarus,2018,,73,5.483,,1.039,,0.7,0.307,0.154,0.101,,1.498
Turkey,2018,,74,5.483,,1.148,,0.686,0.324,0.109,0.106,,1.38
Pakistan,2018,,75,5.472,,0.652,,0.424,0.334,0.113,0.216,,0.81
Hong Kong,2018,,76,5.43,,1.405,,1.03,0.524,0.291,0.246,,1.29
Portugal,2018,,77,5.41,,1.188,,0.884,0.562,0.017,0.055,,1.429
Serbia,2018,,78,5.398,,0.975,,0.685,0.288,0.043,0.134,,1.369
Greece,2018,,79,5.358,,1.154,,0.879,0.131,0.044,0.0,,1.202
Lebanon,2018,,80,5.358,,0.965,,0.785,0.503,0.136,0.214,,1.179
Montenegro,2018,,81,5.347,,1.017,,0.729,0.259,0.081,0.111,,1.279
Croatia,2018,,82,5.321,,1.115,,0.737,0.38,0.039,0.12,,1.161
Dominican Republic,2018,,83,5.302,,0.982,,0.614,0.578,0.106,0.12,,1.441
Algeria,2018,,84,5.295,,0.979,,0.687,0.077,0.135,0.055,,1.154
Morocco,2018,,85,5.254,,0.779,,0.669,0.46,0.074,0.026,,0.797
China,2018,,86,5.246,,0.989,,0.799,0.597,0.103,0.029,,1.142
Azerbaijan,2018,,87,5.201,,1.024,,0.603,0.43,0.176,0.031,,1.161
Tajikistan,2018,,88,5.199,,0.474,,0.598,0.292,0.034,0.187,,1.166
Macedonia,2018,,89,5.185,,0.959,,0.691,0.394,0.052,0.173,,1.239
Jordan,2018,,90,5.161,,0.822,,0.645,0.468,0.134,0.13,,1.265
Nigeria,2018,,91,5.155,,0.689,,0.048,0.462,0.032,0.201,,1.172
Kyrgyzstan,2018,,92,5.131,,0.53,,0.594,0.54,0.035,0.281,,1.416
Bosnia and Herzegovina,2018,,93,5.129,,0.915,,0.758,0.28,0.0,0.216,,1.078
Mongolia,2018,,94,5.125,,0.914,,0.575,0.395,0.032,0.253,,1.517
Vietnam,2018,,95,5.103,,0.715,,0.702,0.618,0.079,0.177,,1.365
Indonesia,2018,,96,5.093,,0.899,,0.522,0.538,0.018,0.484,,1.215
Bhutan,2018,,97,5.082,,0.796,,0.527,0.541,0.171,0.364,,1.335
Somalia,2018,,98,4.982,,0.0,,0.115,0.674,0.282,0.238,,0.712
Cameroon,2018,,99,4.975,,0.535,,0.182,0.454,0.043,0.183,,0.891
Bulgaria,2018,,100,4.933,,1.054,,0.712,0.359,0.009,0.064,,1.515
Nepal,2018,,101,4.88,,0.425,,0.539,0.526,0.078,0.302,,1.228
Venezuela,2018,,102,4.806,,0.996,,0.657,0.133,0.052,0.056,,1.469
Gabon,2018,,103,4.758,,1.036,,0.404,0.356,0.052,0.032,,1.164
Palestinian Territories,2018,,104,4.743,,0.642,,0.602,0.266,0.076,0.086,,1.217
South Africa,2018,,105,4.724,,0.94,,0.33,0.516,0.056,0.103,,1.41
Iran,2018,,106,4.707,,1.059,,0.691,0.459,0.129,0.282,,0.771
Ivory Coast,2018,,107,4.671,,0.541,,0.08,0.467,0.103,0.146,,0.872
Ghana,2018,,108,4.657,,0.592,,0.337,0.499,0.029,0.212,,0.896
Senegal,2018,,109,4.631,,0.429,,0.433,0.406,0.082,0.138,,1.117
Laos,2018,,110,4.623,,0.72,,0.441,0.626,0.174,0.23,,1.034
Tunisia,2018,,111,4.592,,0.9,,0.69,0.271,0.063,0.04,,0.906
Albania,2018,,112,4.586,,0.916,,0.79,0.419,0.032,0.149,,0.817
Sierra Leone,2018,,113,4.571,,0.256,,0.0,0.355,0.053,0.238,,0.813
Congo (Brazzaville),2018,,114,4.559,,0.682,,0.343,0.514,0.077,0.091,,0.811
Bangladesh,2018,,115,4.5,,0.532,,0.579,0.58,0.144,0.153,,0.85
Sri Lanka,2018,,116,4.471,,0.918,,0.672,0.585,0.05,0.307,,1.314
Iraq,2018,,117,4.456,,1.01,,0.536,0.304,0.095,0.148,,0.971
Mali,2018,,118,4.447,,0.37,,0.152,0.367,0.056,0.139,,1.233
Namibia,2018,,119,4.441,,0.874,,0.365,0.519,0.064,0.051,,1.281
Cambodia,2018,,120,4.433,,0.549,,0.457,0.696,0.065,0.256,,1.088
Burkina Faso,2018,,121,4.424,,0.314,,0.254,0.312,0.128,0.175,,1.097
Egypt,2018,,122,4.419,,0.885,,0.553,0.312,0.107,0.092,,1.025
Mozambique,2018,,123,4.417,,0.198,,0.173,0.531,0.158,0.206,,0.902
Kenya,2018,,124,4.41,,0.493,,0.454,0.504,0.055,0.352,,1.048
Zambia,2018,,125,4.377,,0.562,,0.295,0.503,0.082,0.221,,1.047
Mauritania,2018,,126,4.356,,0.557,,0.292,0.129,0.093,0.134,,1.245
Ethiopia,2018,,127,4.35,,0.308,,0.391,0.452,0.146,0.22,,0.95
Georgia,2018,,128,4.34,,0.853,,0.643,0.375,0.215,0.038,,0.592
Armenia,2018,,129,4.321,,0.816,,0.666,0.26,0.028,0.077,,0.99
Myanmar,2018,,130,4.308,,0.682,,0.429,0.58,0.178,0.598,,1.174
Chad,2018,,131,4.301,,0.358,,0.053,0.189,0.06,0.181,,0.907
Congo (Kinshasa),2018,,132,4.245,,0.069,,0.204,0.312,0.052,0.197,,1.136
India,2018,,133,4.19,,0.721,,0.485,0.539,0.093,0.172,,0.747
Niger,2018,,134,4.166,,0.131,,0.221,0.39,0.099,0.175,,0.867
Uganda,2018,,135,4.161,,0.322,,0.237,0.45,0.061,0.259,,1.09
Benin,2018,,136,4.141,,0.378,,0.24,0.44,0.067,0.163,,0.372
Sudan,2018,,137,4.139,,0.605,,0.312,0.016,0.082,0.134,,1.24
Ukraine,2018,,138,4.103,,0.793,,0.609,0.163,0.011,0.187,,1.413
Togo,2018,,139,3.999,,0.259,,0.253,0.434,0.101,0.158,,0.474
Guinea,2018,,140,3.964,,0.344,,0.211,0.394,0.094,0.185,,0.792
Lesotho,2018,,141,3.808,,0.472,,0.079,0.423,0.112,0.116,,1.215
Angola,2018,,142,3.795,,0.73,,0.269,0.0,0.061,0.079,,1.125
Madagascar,2018,,143,3.774,,0.262,,0.402,0.221,0.049,0.155,,0.908
Zimbabwe,2018,,144,3.692,,0.357,,0.248,0.406,0.099,0.132,,1.094
Afghanistan,2018,,145,3.632,,0.332,,0.255,0.085,0.036,0.191,,0.537
Botswana,2018,,146,3.59,,1.017,,0.417,0.557,0.092,0.042,,1.174
Malawi,2018,,147,3.587,,0.186,,0.306,0.531,0.08,0.21,,0.541
Haiti,2018,,148,3.582,,0.315,,0.289,0.025,0.104,0.392,,0.714
Liberia,2018,,149,3.495,,0.076,,0.267,0.419,0.03,0.206,,0.858
Syria,2018,,150,3.462,,0.689,,0.539,0.088,0.144,0.376,,0.382
Rwanda,2018,,151,3.408,,0.332,,0.4,0.636,0.444,0.2,,0.896
Yemen,2018,,152,3.355,,0.442,,0.343,0.244,0.064,0.083,,1.073
Tanzania,2018,,153,3.303,,0.455,,0.381,0.481,0.097,0.27,,0.991
South Sudan,2018,,154,3.254,,0.337,,0.177,0.112,0.106,0.224,,0.608
Central African Republic,2018,,155,3.083,,0.024,,0.01,0.305,0.038,0.218,,0.0
Burundi,2018,,156,2.905,,0.091,,0.145,0.065,0.076,0.149,,0.627
